Title,Abstract,DOI,Authors,Published Date,Source,MeSH Headings
Premature aging in mice with error-prone protein synthesis.,"The main source of error in gene expression is messenger RNA decoding by the ribosome. Translational accuracy has been suggested on a purely correlative basis to positively coincide with maximum possible life span among different rodent species, but causal evidence that translation errors accelerate aging in vivo and limit life span is lacking. We have now addressed this question experimentally by creating heterozygous knock-in mice that express the ribosomal ambiguity mutation RPS9 D95N, resulting in genome-wide error-prone translation. Here, we show that ",10.1126/sciadv.abl9051,"['Dimitri Shcherbakov', 'Martina Nigri', 'Rashid Akbergenov', 'Margarita Brilkova', 'Matilde Mantovani', 'Patricia Isnard Petit', 'Amandine Grimm', 'Agnieszka A Karol', 'Youjin Teo', 'Adrián Cortés Sanchón', 'Yadhu Kumar', 'Anne Eckert', 'Kader Thiam', 'Petra Seebeck', 'David P Wolfer', 'Erik C Böttger']",2022-Mar,Science advances,"['Aging', 'Aging, Premature', 'Animals', 'Longevity', 'Mammals', 'Mice', 'Reactive Oxygen Species', 'Telomere', 'Animals', 'Brain', 'Brain Mapping', 'Macaca mulatta', 'Magnetic Resonance Imaging', 'Neural Pathways', 'Birth Weight', 'Child, Preschool', 'Female', 'Humans', 'Infant', 'Infant, Newborn', 'Lipid Metabolism', 'Lipidomics', 'Pregnancy', 'Tandem Mass Spectrometry', 'Triglycerides', 'Animals', 'Epilepsy', 'Gain of Function Mutation', 'Mice', 'Mutation', 'NAV1.6 Voltage-Gated Sodium Channel', 'Neurons', 'Rats', 'Sodium', 'Sodium Channel Blockers', 'Humans', 'Alzheimer Disease', 'Chitinase-3-Like Protein 1', 'Chitinases', 'Neuroinflammatory Diseases', 'Inflammation', 'Animals', 'Mice', 'Alzheimer Disease', 'Amyloid beta-Peptides', 'Cognition', 'Cognitive Dysfunction', 'Disease Models, Animal', 'Mice, Inbred C57BL', 'Mice, Transgenic', 'Microglia', 'Neuroinflammatory Diseases', 'Neuronal Plasticity', 'Tumor Necrosis Factor-alpha', 'Child', 'Cohort Studies', 'Female', 'Humans', 'Mothers', 'Phenotype', 'Reproduction', 'Siblings', 'Animals', 'Endometriosis', 'Endometrium', 'Female', 'Infertility, Female', 'Intracellular Signaling Peptides and Proteins', 'Mice', 'Progesterone', 'Receptor, ErbB-2', 'Receptors, Progesterone', 'Uterine Diseases', 'Feedback', 'Neurons', 'Photic Stimulation', 'Visual Cortex', 'Visual Pathways', 'Chronic Pain', 'Computer Simulation', 'Humans', 'Interneurons', 'Posterior Horn Cells', 'Spinal Cord', 'Spinal Cord Dorsal Horn', 'Synapses', 'Essential Tremor', 'Female', 'Humans', 'Language', 'Reading', 'Speech', 'Thalamus', 'Brain', 'Brain Mapping', 'Electroencephalography', 'Female', 'Humans', 'Male', 'Memory, Episodic', 'Mental Recall', 'Acetylcholine', 'Animals', 'Choline', 'Cholinergic Agents', 'Cholinergic Neurons', 'Female', 'Humans', 'Male', 'Membrane Transport Proteins', 'Mice', 'Symporters', 'Animals', 'Drosophila', 'Female', 'GABAergic Neurons', 'Habituation, Psychophysiologic', 'Sensory Receptor Cells', 'Sucrose', 'Tyrosine 3-Monooxygenase', 'Analgesia', 'Analgesics', 'Brain Mapping', 'Female', 'Humans', 'Magnetic Resonance Imaging', 'Male', 'Pain', 'Pain Perception', 'Brain', 'Brain Mapping', 'Broca Area', 'Female', 'Humans', 'Language', 'Linguistics', 'Male', 'Semantics', 'Animals', 'Electrophysiological Phenomena', 'Female', 'Interneurons', 'Male', 'Mice', 'Neurons', 'Optogenetics', 'Photic Stimulation', 'Visual Cortex', 'Visual Perception', 'Brain Mapping', 'Executive Function', 'Female', 'Humans', 'Inhibition, Psychological', 'Magnetic Resonance Imaging', 'Male', 'Memory, Short-Term', 'Prefrontal Cortex', 'Animals', 'Cocaine', 'Cyclin-Dependent Kinase Inhibitor p21', 'DNA Methylation', 'Epigenesis, Genetic', 'Male', 'MicroRNAs', 'Nucleus Accumbens', 'RNA, Messenger', 'Rats', 'Rats, Sprague-Dawley', 'Spermatozoa', 'Animals', 'Axons', 'Corpus Callosum', 'Female', 'Male', 'Mice', 'Mice, Inbred C57BL', 'Neurons', 'Neuropilin-1', 'Somatosensory Cortex']"
Intrinsic timescales as an organizational principle of neural processing across the whole rhesus macaque brain.,"Hierarchical temporal dynamics are a fundamental computational property of the brain; however, there are no whole brain, noninvasive investigations into timescales of neural processing in animal models. To that end, we used the spatial resolution and sensitivity of ultrahigh field functional magnetic resonance imaging (fMRI) performed at 10.5 T to probe timescales across the whole macaque brain. We uncovered within-species consistency between timescales estimated from fMRI and electrophysiology. Crucially, we extended existing electrophysiological hierarchies to whole-brain topographies. Our results validate the complementary use of hemodynamic and electrophysiological intrinsic timescales, establishing a basis for future translational work. Further, with these results in hand, we were able to show that one facet of the high-dimensional functional connectivity (FC) topography of any region in the brain is closely related to hierarchical temporal dynamics. We demonstrated that intrinsic timescales are organized along spatial gradients that closely match FC gradient topographies across the whole brain. We conclude that intrinsic timescales are a unifying organizational principle of neural processing across the whole brain.",10.7554/eLife.75540,"['Ana M G Manea', 'Anna Zilverstand', 'Kamil Ugurbil', 'Sarah R Heilbronner', 'Jan Zimmermann']",2022-Mar,eLife,"['Aging', 'Aging, Premature', 'Animals', 'Longevity', 'Mammals', 'Mice', 'Reactive Oxygen Species', 'Telomere', 'Animals', 'Brain', 'Brain Mapping', 'Macaca mulatta', 'Magnetic Resonance Imaging', 'Neural Pathways', 'Birth Weight', 'Child, Preschool', 'Female', 'Humans', 'Infant', 'Infant, Newborn', 'Lipid Metabolism', 'Lipidomics', 'Pregnancy', 'Tandem Mass Spectrometry', 'Triglycerides', 'Animals', 'Epilepsy', 'Gain of Function Mutation', 'Mice', 'Mutation', 'NAV1.6 Voltage-Gated Sodium Channel', 'Neurons', 'Rats', 'Sodium', 'Sodium Channel Blockers', 'Humans', 'Alzheimer Disease', 'Chitinase-3-Like Protein 1', 'Chitinases', 'Neuroinflammatory Diseases', 'Inflammation', 'Animals', 'Mice', 'Alzheimer Disease', 'Amyloid beta-Peptides', 'Cognition', 'Cognitive Dysfunction', 'Disease Models, Animal', 'Mice, Inbred C57BL', 'Mice, Transgenic', 'Microglia', 'Neuroinflammatory Diseases', 'Neuronal Plasticity', 'Tumor Necrosis Factor-alpha', 'Child', 'Cohort Studies', 'Female', 'Humans', 'Mothers', 'Phenotype', 'Reproduction', 'Siblings', 'Animals', 'Endometriosis', 'Endometrium', 'Female', 'Infertility, Female', 'Intracellular Signaling Peptides and Proteins', 'Mice', 'Progesterone', 'Receptor, ErbB-2', 'Receptors, Progesterone', 'Uterine Diseases', 'Feedback', 'Neurons', 'Photic Stimulation', 'Visual Cortex', 'Visual Pathways', 'Chronic Pain', 'Computer Simulation', 'Humans', 'Interneurons', 'Posterior Horn Cells', 'Spinal Cord', 'Spinal Cord Dorsal Horn', 'Synapses', 'Essential Tremor', 'Female', 'Humans', 'Language', 'Reading', 'Speech', 'Thalamus', 'Brain', 'Brain Mapping', 'Electroencephalography', 'Female', 'Humans', 'Male', 'Memory, Episodic', 'Mental Recall', 'Acetylcholine', 'Animals', 'Choline', 'Cholinergic Agents', 'Cholinergic Neurons', 'Female', 'Humans', 'Male', 'Membrane Transport Proteins', 'Mice', 'Symporters', 'Animals', 'Drosophila', 'Female', 'GABAergic Neurons', 'Habituation, Psychophysiologic', 'Sensory Receptor Cells', 'Sucrose', 'Tyrosine 3-Monooxygenase', 'Analgesia', 'Analgesics', 'Brain Mapping', 'Female', 'Humans', 'Magnetic Resonance Imaging', 'Male', 'Pain', 'Pain Perception', 'Brain', 'Brain Mapping', 'Broca Area', 'Female', 'Humans', 'Language', 'Linguistics', 'Male', 'Semantics', 'Animals', 'Electrophysiological Phenomena', 'Female', 'Interneurons', 'Male', 'Mice', 'Neurons', 'Optogenetics', 'Photic Stimulation', 'Visual Cortex', 'Visual Perception', 'Brain Mapping', 'Executive Function', 'Female', 'Humans', 'Inhibition, Psychological', 'Magnetic Resonance Imaging', 'Male', 'Memory, Short-Term', 'Prefrontal Cortex', 'Animals', 'Cocaine', 'Cyclin-Dependent Kinase Inhibitor p21', 'DNA Methylation', 'Epigenesis, Genetic', 'Male', 'MicroRNAs', 'Nucleus Accumbens', 'RNA, Messenger', 'Rats', 'Rats, Sprague-Dawley', 'Spermatozoa', 'Animals', 'Axons', 'Corpus Callosum', 'Female', 'Male', 'Mice', 'Mice, Inbred C57BL', 'Neurons', 'Neuropilin-1', 'Somatosensory Cortex']"
Ontogeny of circulating lipid metabolism in pregnancy and early childhood - a longitudinal population study.,"There is mounting evidence that in utero and early life exposures may predispose an individual to metabolic disorders in later life; and dysregulation of lipid metabolism is critical in such outcomes. However, there is limited knowledge about lipid metabolism and factors causing lipid dysregulation in early life that could result in adverse health outcomes in later life. We studied the effect of antenatal factors such as gestational age, birth weight, and mode of birth on lipid metabolism at birth; changes in the circulating lipidome in the first 4 years of life and the effect of breastfeeding in the first year of life. From this study, we aim to generate a framework for deeper understanding into factors effecting lipid metabolism in early life, to provide early interventions for those at risk of developing metabolic disorders including cardiovascular diseases. We performed comprehensive lipid profiling of 1074 mother-child dyads in the Barwon Infant Study (BIS), a population-based pre-birth cohort and measured 776 distinct lipid features across 39 lipid classes using ultra-high-performance liquid chromatography-tandem mass spectrometry (UHPLC-MS/MS). We measured lipids in 1032 maternal serum samples at 28 weeks' gestation, 893 cord serum samples at birth, 793, 735, and 511 plasma samples at 6, 12 months, and 4 years, respectively. Cord serum was enriched with long chain poly-unsaturated fatty acids (LC-PUFAs), and corresponding cholesteryl esters relative to the maternal serum. We performed regression analyses to investigate the associations of cord serum lipid species with antenatal factors: gestational age, birth weight, mode of birth and duration of labour. The lipidome differed between mother and newborn and changed markedly with increasing child's age. Alkenylphosphatidylethanolamine species containing LC-PUFAs increased with child's age, whereas the corresponding lysophospholipids and triglycerides decreased. Majority of the cord serum lipids were strongly associated with gestational age and birth weight, with most lipids showing opposing associations. Each mode of birth showed an independent association with cord serum lipids. Breastfeeding had a significant impact on the plasma lipidome in the first year of life, with up to 17-fold increases in a few species of alkyldiaclylglycerols at 6 months of age. This study sheds light on lipid metabolism in infancy and early childhood and provide a framework to define the relationship between lipid metabolism and health outcomes in early childhood. This work was supported by the A*STAR-NHMRC joint call funding (1711624031).",10.7554/eLife.72779,"['Satvika Burugupalli', 'Adam Alexander T Smith', 'Gavriel Oshlensky', 'Kevin Huynh', 'Corey Giles', 'Tingting Wang', 'Alexandra George', 'Sudip Paul', 'Anh Nguyen', 'Thy Duong', 'Natalie Mellett', 'Michelle Cinel', 'Sartaj Ahmad Mir', 'Li Chen', 'Markus R Wenk', 'Neerja Karnani', 'Fiona Collier', 'Richard Saffery', 'Peter Vuillermin', 'Anne-Louise Ponsonby', 'David Burgner', 'Peter Meikle']",2022-Mar,eLife,"['Aging', 'Aging, Premature', 'Animals', 'Longevity', 'Mammals', 'Mice', 'Reactive Oxygen Species', 'Telomere', 'Animals', 'Brain', 'Brain Mapping', 'Macaca mulatta', 'Magnetic Resonance Imaging', 'Neural Pathways', 'Birth Weight', 'Child, Preschool', 'Female', 'Humans', 'Infant', 'Infant, Newborn', 'Lipid Metabolism', 'Lipidomics', 'Pregnancy', 'Tandem Mass Spectrometry', 'Triglycerides', 'Animals', 'Epilepsy', 'Gain of Function Mutation', 'Mice', 'Mutation', 'NAV1.6 Voltage-Gated Sodium Channel', 'Neurons', 'Rats', 'Sodium', 'Sodium Channel Blockers', 'Humans', 'Alzheimer Disease', 'Chitinase-3-Like Protein 1', 'Chitinases', 'Neuroinflammatory Diseases', 'Inflammation', 'Animals', 'Mice', 'Alzheimer Disease', 'Amyloid beta-Peptides', 'Cognition', 'Cognitive Dysfunction', 'Disease Models, Animal', 'Mice, Inbred C57BL', 'Mice, Transgenic', 'Microglia', 'Neuroinflammatory Diseases', 'Neuronal Plasticity', 'Tumor Necrosis Factor-alpha', 'Child', 'Cohort Studies', 'Female', 'Humans', 'Mothers', 'Phenotype', 'Reproduction', 'Siblings', 'Animals', 'Endometriosis', 'Endometrium', 'Female', 'Infertility, Female', 'Intracellular Signaling Peptides and Proteins', 'Mice', 'Progesterone', 'Receptor, ErbB-2', 'Receptors, Progesterone', 'Uterine Diseases', 'Feedback', 'Neurons', 'Photic Stimulation', 'Visual Cortex', 'Visual Pathways', 'Chronic Pain', 'Computer Simulation', 'Humans', 'Interneurons', 'Posterior Horn Cells', 'Spinal Cord', 'Spinal Cord Dorsal Horn', 'Synapses', 'Essential Tremor', 'Female', 'Humans', 'Language', 'Reading', 'Speech', 'Thalamus', 'Brain', 'Brain Mapping', 'Electroencephalography', 'Female', 'Humans', 'Male', 'Memory, Episodic', 'Mental Recall', 'Acetylcholine', 'Animals', 'Choline', 'Cholinergic Agents', 'Cholinergic Neurons', 'Female', 'Humans', 'Male', 'Membrane Transport Proteins', 'Mice', 'Symporters', 'Animals', 'Drosophila', 'Female', 'GABAergic Neurons', 'Habituation, Psychophysiologic', 'Sensory Receptor Cells', 'Sucrose', 'Tyrosine 3-Monooxygenase', 'Analgesia', 'Analgesics', 'Brain Mapping', 'Female', 'Humans', 'Magnetic Resonance Imaging', 'Male', 'Pain', 'Pain Perception', 'Brain', 'Brain Mapping', 'Broca Area', 'Female', 'Humans', 'Language', 'Linguistics', 'Male', 'Semantics', 'Animals', 'Electrophysiological Phenomena', 'Female', 'Interneurons', 'Male', 'Mice', 'Neurons', 'Optogenetics', 'Photic Stimulation', 'Visual Cortex', 'Visual Perception', 'Brain Mapping', 'Executive Function', 'Female', 'Humans', 'Inhibition, Psychological', 'Magnetic Resonance Imaging', 'Male', 'Memory, Short-Term', 'Prefrontal Cortex', 'Animals', 'Cocaine', 'Cyclin-Dependent Kinase Inhibitor p21', 'DNA Methylation', 'Epigenesis, Genetic', 'Male', 'MicroRNAs', 'Nucleus Accumbens', 'RNA, Messenger', 'Rats', 'Rats, Sprague-Dawley', 'Spermatozoa', 'Animals', 'Axons', 'Corpus Callosum', 'Female', 'Male', 'Mice', 'Mice, Inbred C57BL', 'Neurons', 'Neuropilin-1', 'Somatosensory Cortex']"
"NBI-921352, a first-in-class, Na",NBI-921352 (formerly XEN901) is a novel sodium channel inhibitor designed to specifically target Na,10.7554/eLife.72468,"['J P Johnson', 'Thilo Focken', 'Kuldip Khakh', 'Parisa Karimi Tari', 'Celine Dube', 'Samuel J Goodchild', 'Jean-Christophe Andrez', 'Girish Bankar', 'David Bogucki', 'Kristen Burford', 'Elaine Chang', 'Sultan Chowdhury', 'Richard Dean', 'Gina de Boer', 'Shannon Decker', 'Christoph Dehnhardt', 'Mandy Feng', 'Wei Gong', 'Michael Grimwood', 'Abid Hasan', 'Angela Hussainkhel', 'Qi Jia', 'Stephanie Lee', 'Jenny Li', 'Sophia Lin', 'Andrea Lindgren', 'Verner Lofstrand', 'Janette Mezeyova', 'Rostam Namdari', 'Karen Nelkenbrecher', 'Noah Gregory Shuart', 'Luis Sojo', 'Shaoyi Sun', 'Matthew Taron', 'Matthew Waldbrook', 'Diana Weeratunge', 'Steven Wesolowski', 'Aaron Williams', 'Michael Wilson', 'Zhiwei Xie', 'Rhena Yoo', 'Clint Young', 'Alla Zenova', 'Wei Zhang', 'Alison J Cutts', 'Robin P Sherrington', 'Simon N Pimstone', 'Raymond Winquist', 'Charles J Cohen', 'James R Empfield']",2022-Mar,eLife,"['Aging', 'Aging, Premature', 'Animals', 'Longevity', 'Mammals', 'Mice', 'Reactive Oxygen Species', 'Telomere', 'Animals', 'Brain', 'Brain Mapping', 'Macaca mulatta', 'Magnetic Resonance Imaging', 'Neural Pathways', 'Birth Weight', 'Child, Preschool', 'Female', 'Humans', 'Infant', 'Infant, Newborn', 'Lipid Metabolism', 'Lipidomics', 'Pregnancy', 'Tandem Mass Spectrometry', 'Triglycerides', 'Animals', 'Epilepsy', 'Gain of Function Mutation', 'Mice', 'Mutation', 'NAV1.6 Voltage-Gated Sodium Channel', 'Neurons', 'Rats', 'Sodium', 'Sodium Channel Blockers', 'Humans', 'Alzheimer Disease', 'Chitinase-3-Like Protein 1', 'Chitinases', 'Neuroinflammatory Diseases', 'Inflammation', 'Animals', 'Mice', 'Alzheimer Disease', 'Amyloid beta-Peptides', 'Cognition', 'Cognitive Dysfunction', 'Disease Models, Animal', 'Mice, Inbred C57BL', 'Mice, Transgenic', 'Microglia', 'Neuroinflammatory Diseases', 'Neuronal Plasticity', 'Tumor Necrosis Factor-alpha', 'Child', 'Cohort Studies', 'Female', 'Humans', 'Mothers', 'Phenotype', 'Reproduction', 'Siblings', 'Animals', 'Endometriosis', 'Endometrium', 'Female', 'Infertility, Female', 'Intracellular Signaling Peptides and Proteins', 'Mice', 'Progesterone', 'Receptor, ErbB-2', 'Receptors, Progesterone', 'Uterine Diseases', 'Feedback', 'Neurons', 'Photic Stimulation', 'Visual Cortex', 'Visual Pathways', 'Chronic Pain', 'Computer Simulation', 'Humans', 'Interneurons', 'Posterior Horn Cells', 'Spinal Cord', 'Spinal Cord Dorsal Horn', 'Synapses', 'Essential Tremor', 'Female', 'Humans', 'Language', 'Reading', 'Speech', 'Thalamus', 'Brain', 'Brain Mapping', 'Electroencephalography', 'Female', 'Humans', 'Male', 'Memory, Episodic', 'Mental Recall', 'Acetylcholine', 'Animals', 'Choline', 'Cholinergic Agents', 'Cholinergic Neurons', 'Female', 'Humans', 'Male', 'Membrane Transport Proteins', 'Mice', 'Symporters', 'Animals', 'Drosophila', 'Female', 'GABAergic Neurons', 'Habituation, Psychophysiologic', 'Sensory Receptor Cells', 'Sucrose', 'Tyrosine 3-Monooxygenase', 'Analgesia', 'Analgesics', 'Brain Mapping', 'Female', 'Humans', 'Magnetic Resonance Imaging', 'Male', 'Pain', 'Pain Perception', 'Brain', 'Brain Mapping', 'Broca Area', 'Female', 'Humans', 'Language', 'Linguistics', 'Male', 'Semantics', 'Animals', 'Electrophysiological Phenomena', 'Female', 'Interneurons', 'Male', 'Mice', 'Neurons', 'Optogenetics', 'Photic Stimulation', 'Visual Cortex', 'Visual Perception', 'Brain Mapping', 'Executive Function', 'Female', 'Humans', 'Inhibition, Psychological', 'Magnetic Resonance Imaging', 'Male', 'Memory, Short-Term', 'Prefrontal Cortex', 'Animals', 'Cocaine', 'Cyclin-Dependent Kinase Inhibitor p21', 'DNA Methylation', 'Epigenesis, Genetic', 'Male', 'MicroRNAs', 'Nucleus Accumbens', 'RNA, Messenger', 'Rats', 'Rats, Sprague-Dawley', 'Spermatozoa', 'Animals', 'Axons', 'Corpus Callosum', 'Female', 'Male', 'Mice', 'Mice, Inbred C57BL', 'Neurons', 'Neuropilin-1', 'Somatosensory Cortex']"
"Modeling assortative mating and genetic similarities between partners, siblings, and in-laws.","Assortative mating on heritable traits can have implications for the genetic resemblance between siblings and in-laws in succeeding generations. We studied polygenic scores and phenotypic data from pairs of partners (n = 26,681), siblings (n = 2,170), siblings-in-law (n = 3,905), and co-siblings-in-law (n = 1,763) in the Norwegian Mother, Father and Child Cohort Study. Using structural equation models, we estimated associations between measurement error-free latent genetic and phenotypic variables. We found evidence of genetic similarity between partners for educational attainment (r",10.1038/s41467-022-28774-y,"['Fartein Ask Torvik', 'Espen Moen Eilertsen', 'Laurie J Hannigan', 'Rosa Cheesman', 'Laurence J Howe', 'Per Magnus', 'Ted Reichborn-Kjennerud', 'Ole A Andreassen', 'Pål R Njølstad', 'Alexandra Havdahl', 'Eivind Ystrom']",2022-Mar,Nature communications,"['Aging', 'Aging, Premature', 'Animals', 'Longevity', 'Mammals', 'Mice', 'Reactive Oxygen Species', 'Telomere', 'Animals', 'Brain', 'Brain Mapping', 'Macaca mulatta', 'Magnetic Resonance Imaging', 'Neural Pathways', 'Birth Weight', 'Child, Preschool', 'Female', 'Humans', 'Infant', 'Infant, Newborn', 'Lipid Metabolism', 'Lipidomics', 'Pregnancy', 'Tandem Mass Spectrometry', 'Triglycerides', 'Animals', 'Epilepsy', 'Gain of Function Mutation', 'Mice', 'Mutation', 'NAV1.6 Voltage-Gated Sodium Channel', 'Neurons', 'Rats', 'Sodium', 'Sodium Channel Blockers', 'Humans', 'Alzheimer Disease', 'Chitinase-3-Like Protein 1', 'Chitinases', 'Neuroinflammatory Diseases', 'Inflammation', 'Animals', 'Mice', 'Alzheimer Disease', 'Amyloid beta-Peptides', 'Cognition', 'Cognitive Dysfunction', 'Disease Models, Animal', 'Mice, Inbred C57BL', 'Mice, Transgenic', 'Microglia', 'Neuroinflammatory Diseases', 'Neuronal Plasticity', 'Tumor Necrosis Factor-alpha', 'Child', 'Cohort Studies', 'Female', 'Humans', 'Mothers', 'Phenotype', 'Reproduction', 'Siblings', 'Animals', 'Endometriosis', 'Endometrium', 'Female', 'Infertility, Female', 'Intracellular Signaling Peptides and Proteins', 'Mice', 'Progesterone', 'Receptor, ErbB-2', 'Receptors, Progesterone', 'Uterine Diseases', 'Feedback', 'Neurons', 'Photic Stimulation', 'Visual Cortex', 'Visual Pathways', 'Chronic Pain', 'Computer Simulation', 'Humans', 'Interneurons', 'Posterior Horn Cells', 'Spinal Cord', 'Spinal Cord Dorsal Horn', 'Synapses', 'Essential Tremor', 'Female', 'Humans', 'Language', 'Reading', 'Speech', 'Thalamus', 'Brain', 'Brain Mapping', 'Electroencephalography', 'Female', 'Humans', 'Male', 'Memory, Episodic', 'Mental Recall', 'Acetylcholine', 'Animals', 'Choline', 'Cholinergic Agents', 'Cholinergic Neurons', 'Female', 'Humans', 'Male', 'Membrane Transport Proteins', 'Mice', 'Symporters', 'Animals', 'Drosophila', 'Female', 'GABAergic Neurons', 'Habituation, Psychophysiologic', 'Sensory Receptor Cells', 'Sucrose', 'Tyrosine 3-Monooxygenase', 'Analgesia', 'Analgesics', 'Brain Mapping', 'Female', 'Humans', 'Magnetic Resonance Imaging', 'Male', 'Pain', 'Pain Perception', 'Brain', 'Brain Mapping', 'Broca Area', 'Female', 'Humans', 'Language', 'Linguistics', 'Male', 'Semantics', 'Animals', 'Electrophysiological Phenomena', 'Female', 'Interneurons', 'Male', 'Mice', 'Neurons', 'Optogenetics', 'Photic Stimulation', 'Visual Cortex', 'Visual Perception', 'Brain Mapping', 'Executive Function', 'Female', 'Humans', 'Inhibition, Psychological', 'Magnetic Resonance Imaging', 'Male', 'Memory, Short-Term', 'Prefrontal Cortex', 'Animals', 'Cocaine', 'Cyclin-Dependent Kinase Inhibitor p21', 'DNA Methylation', 'Epigenesis, Genetic', 'Male', 'MicroRNAs', 'Nucleus Accumbens', 'RNA, Messenger', 'Rats', 'Rats, Sprague-Dawley', 'Spermatozoa', 'Animals', 'Axons', 'Corpus Callosum', 'Female', 'Male', 'Mice', 'Mice, Inbred C57BL', 'Neurons', 'Neuropilin-1', 'Somatosensory Cortex']"
Loss of MIG-6 results in endometrial progesterone resistance via ERBB2.,Female subfertility is highly associated with endometriosis. Endometrial progesterone resistance is suggested as a crucial element in the development of endometrial diseases. We report that MIG-6 is downregulated in the endometrium of infertile women with endometriosis and in a non-human primate model of endometriosis. We find ERBB2 overexpression in the endometrium of uterine-specific Mig-6 knockout mice (Pgr,10.1038/s41467-022-28608-x,"['Jung-Yoon Yoo', 'Tae Hoon Kim', 'Jung-Ho Shin', 'Ryan M Marquardt', 'Ulrich Müller', 'Asgerally T Fazleabas', 'Steven L Young', 'Bruce A Lessey', 'Ho-Geun Yoon', 'Jae-Wook Jeong']",2022-Mar,Nature communications,"['Aging', 'Aging, Premature', 'Animals', 'Longevity', 'Mammals', 'Mice', 'Reactive Oxygen Species', 'Telomere', 'Animals', 'Brain', 'Brain Mapping', 'Macaca mulatta', 'Magnetic Resonance Imaging', 'Neural Pathways', 'Birth Weight', 'Child, Preschool', 'Female', 'Humans', 'Infant', 'Infant, Newborn', 'Lipid Metabolism', 'Lipidomics', 'Pregnancy', 'Tandem Mass Spectrometry', 'Triglycerides', 'Animals', 'Epilepsy', 'Gain of Function Mutation', 'Mice', 'Mutation', 'NAV1.6 Voltage-Gated Sodium Channel', 'Neurons', 'Rats', 'Sodium', 'Sodium Channel Blockers', 'Humans', 'Alzheimer Disease', 'Chitinase-3-Like Protein 1', 'Chitinases', 'Neuroinflammatory Diseases', 'Inflammation', 'Animals', 'Mice', 'Alzheimer Disease', 'Amyloid beta-Peptides', 'Cognition', 'Cognitive Dysfunction', 'Disease Models, Animal', 'Mice, Inbred C57BL', 'Mice, Transgenic', 'Microglia', 'Neuroinflammatory Diseases', 'Neuronal Plasticity', 'Tumor Necrosis Factor-alpha', 'Child', 'Cohort Studies', 'Female', 'Humans', 'Mothers', 'Phenotype', 'Reproduction', 'Siblings', 'Animals', 'Endometriosis', 'Endometrium', 'Female', 'Infertility, Female', 'Intracellular Signaling Peptides and Proteins', 'Mice', 'Progesterone', 'Receptor, ErbB-2', 'Receptors, Progesterone', 'Uterine Diseases', 'Feedback', 'Neurons', 'Photic Stimulation', 'Visual Cortex', 'Visual Pathways', 'Chronic Pain', 'Computer Simulation', 'Humans', 'Interneurons', 'Posterior Horn Cells', 'Spinal Cord', 'Spinal Cord Dorsal Horn', 'Synapses', 'Essential Tremor', 'Female', 'Humans', 'Language', 'Reading', 'Speech', 'Thalamus', 'Brain', 'Brain Mapping', 'Electroencephalography', 'Female', 'Humans', 'Male', 'Memory, Episodic', 'Mental Recall', 'Acetylcholine', 'Animals', 'Choline', 'Cholinergic Agents', 'Cholinergic Neurons', 'Female', 'Humans', 'Male', 'Membrane Transport Proteins', 'Mice', 'Symporters', 'Animals', 'Drosophila', 'Female', 'GABAergic Neurons', 'Habituation, Psychophysiologic', 'Sensory Receptor Cells', 'Sucrose', 'Tyrosine 3-Monooxygenase', 'Analgesia', 'Analgesics', 'Brain Mapping', 'Female', 'Humans', 'Magnetic Resonance Imaging', 'Male', 'Pain', 'Pain Perception', 'Brain', 'Brain Mapping', 'Broca Area', 'Female', 'Humans', 'Language', 'Linguistics', 'Male', 'Semantics', 'Animals', 'Electrophysiological Phenomena', 'Female', 'Interneurons', 'Male', 'Mice', 'Neurons', 'Optogenetics', 'Photic Stimulation', 'Visual Cortex', 'Visual Perception', 'Brain Mapping', 'Executive Function', 'Female', 'Humans', 'Inhibition, Psychological', 'Magnetic Resonance Imaging', 'Male', 'Memory, Short-Term', 'Prefrontal Cortex', 'Animals', 'Cocaine', 'Cyclin-Dependent Kinase Inhibitor p21', 'DNA Methylation', 'Epigenesis, Genetic', 'Male', 'MicroRNAs', 'Nucleus Accumbens', 'RNA, Messenger', 'Rats', 'Rats, Sprague-Dawley', 'Spermatozoa', 'Animals', 'Axons', 'Corpus Callosum', 'Female', 'Male', 'Mice', 'Mice, Inbred C57BL', 'Neurons', 'Neuropilin-1', 'Somatosensory Cortex']"
Feedforward and feedback interactions between visual cortical areas use different population activity patterns.,"Brain function relies on the coordination of activity across multiple, recurrently connected brain areas. For instance, sensory information encoded in early sensory areas is relayed to, and further processed by, higher cortical areas and then fed back. However, the way in which feedforward and feedback signaling interact with one another is incompletely understood. Here we investigate this question by leveraging simultaneous neuronal population recordings in early and midlevel visual areas (V1-V2 and V1-V4). Using a dimensionality reduction approach, we find that population interactions are feedforward-dominated shortly after stimulus onset and feedback-dominated during spontaneous activity. The population activity patterns most correlated across areas were distinct during feedforward- and feedback-dominated periods. These results suggest that feedforward and feedback signaling rely on separate ""channels"", which allows feedback signals to not directly affect activity that is fed forward.",10.1038/s41467-022-28552-w,"['João D Semedo', 'Anna I Jasper', 'Amin Zandvakili', 'Aravind Krishna', 'Amir Aschner', 'Christian K Machens', 'Adam Kohn', 'Byron M Yu']",2022-Mar,Nature communications,"['Aging', 'Aging, Premature', 'Animals', 'Longevity', 'Mammals', 'Mice', 'Reactive Oxygen Species', 'Telomere', 'Animals', 'Brain', 'Brain Mapping', 'Macaca mulatta', 'Magnetic Resonance Imaging', 'Neural Pathways', 'Birth Weight', 'Child, Preschool', 'Female', 'Humans', 'Infant', 'Infant, Newborn', 'Lipid Metabolism', 'Lipidomics', 'Pregnancy', 'Tandem Mass Spectrometry', 'Triglycerides', 'Animals', 'Epilepsy', 'Gain of Function Mutation', 'Mice', 'Mutation', 'NAV1.6 Voltage-Gated Sodium Channel', 'Neurons', 'Rats', 'Sodium', 'Sodium Channel Blockers', 'Humans', 'Alzheimer Disease', 'Chitinase-3-Like Protein 1', 'Chitinases', 'Neuroinflammatory Diseases', 'Inflammation', 'Animals', 'Mice', 'Alzheimer Disease', 'Amyloid beta-Peptides', 'Cognition', 'Cognitive Dysfunction', 'Disease Models, Animal', 'Mice, Inbred C57BL', 'Mice, Transgenic', 'Microglia', 'Neuroinflammatory Diseases', 'Neuronal Plasticity', 'Tumor Necrosis Factor-alpha', 'Child', 'Cohort Studies', 'Female', 'Humans', 'Mothers', 'Phenotype', 'Reproduction', 'Siblings', 'Animals', 'Endometriosis', 'Endometrium', 'Female', 'Infertility, Female', 'Intracellular Signaling Peptides and Proteins', 'Mice', 'Progesterone', 'Receptor, ErbB-2', 'Receptors, Progesterone', 'Uterine Diseases', 'Feedback', 'Neurons', 'Photic Stimulation', 'Visual Cortex', 'Visual Pathways', 'Chronic Pain', 'Computer Simulation', 'Humans', 'Interneurons', 'Posterior Horn Cells', 'Spinal Cord', 'Spinal Cord Dorsal Horn', 'Synapses', 'Essential Tremor', 'Female', 'Humans', 'Language', 'Reading', 'Speech', 'Thalamus', 'Brain', 'Brain Mapping', 'Electroencephalography', 'Female', 'Humans', 'Male', 'Memory, Episodic', 'Mental Recall', 'Acetylcholine', 'Animals', 'Choline', 'Cholinergic Agents', 'Cholinergic Neurons', 'Female', 'Humans', 'Male', 'Membrane Transport Proteins', 'Mice', 'Symporters', 'Animals', 'Drosophila', 'Female', 'GABAergic Neurons', 'Habituation, Psychophysiologic', 'Sensory Receptor Cells', 'Sucrose', 'Tyrosine 3-Monooxygenase', 'Analgesia', 'Analgesics', 'Brain Mapping', 'Female', 'Humans', 'Magnetic Resonance Imaging', 'Male', 'Pain', 'Pain Perception', 'Brain', 'Brain Mapping', 'Broca Area', 'Female', 'Humans', 'Language', 'Linguistics', 'Male', 'Semantics', 'Animals', 'Electrophysiological Phenomena', 'Female', 'Interneurons', 'Male', 'Mice', 'Neurons', 'Optogenetics', 'Photic Stimulation', 'Visual Cortex', 'Visual Perception', 'Brain Mapping', 'Executive Function', 'Female', 'Humans', 'Inhibition, Psychological', 'Magnetic Resonance Imaging', 'Male', 'Memory, Short-Term', 'Prefrontal Cortex', 'Animals', 'Cocaine', 'Cyclin-Dependent Kinase Inhibitor p21', 'DNA Methylation', 'Epigenesis, Genetic', 'Male', 'MicroRNAs', 'Nucleus Accumbens', 'RNA, Messenger', 'Rats', 'Rats, Sprague-Dawley', 'Spermatozoa', 'Animals', 'Axons', 'Corpus Callosum', 'Female', 'Male', 'Mice', 'Mice, Inbred C57BL', 'Neurons', 'Neuropilin-1', 'Somatosensory Cortex']"
Role of Nrp1 in controlling cortical inter-hemispheric circuits.,"Axons of the corpus callosum (CC) mediate the interhemispheric communication required for complex perception in mammals. In the somatosensory (SS) cortex, the CC exchanges inputs processed by the primary (S1) and secondary (S2) areas, which receive tactile and pain stimuli. During early postnatal life, a multistep process involving axonal navigation, growth, and refinement, leads to precise CC connectivity. This process is often affected in neurodevelopmental disorders such as autism and epilepsy. We herein show that in mice, expression of the axonal signaling receptor Neuropilin 1 (Nrp1) in SS layer (L) 2/3 is temporary and follows patterns that determine CC connectivity. At postnatal day 4, ",10.7554/eLife.69776,"['Fernando Martín-Fernández', 'Ana Bermejo-Santos', 'Lorena Bragg-Gonzalo', 'Carlos G Briz', 'Esther Serrano-Saiz', 'Marta Nieto']",2022-Mar,eLife,"['Aging', 'Aging, Premature', 'Animals', 'Longevity', 'Mammals', 'Mice', 'Reactive Oxygen Species', 'Telomere', 'Animals', 'Brain', 'Brain Mapping', 'Macaca mulatta', 'Magnetic Resonance Imaging', 'Neural Pathways', 'Birth Weight', 'Child, Preschool', 'Female', 'Humans', 'Infant', 'Infant, Newborn', 'Lipid Metabolism', 'Lipidomics', 'Pregnancy', 'Tandem Mass Spectrometry', 'Triglycerides', 'Animals', 'Epilepsy', 'Gain of Function Mutation', 'Mice', 'Mutation', 'NAV1.6 Voltage-Gated Sodium Channel', 'Neurons', 'Rats', 'Sodium', 'Sodium Channel Blockers', 'Humans', 'Alzheimer Disease', 'Chitinase-3-Like Protein 1', 'Chitinases', 'Neuroinflammatory Diseases', 'Inflammation', 'Animals', 'Mice', 'Alzheimer Disease', 'Amyloid beta-Peptides', 'Cognition', 'Cognitive Dysfunction', 'Disease Models, Animal', 'Mice, Inbred C57BL', 'Mice, Transgenic', 'Microglia', 'Neuroinflammatory Diseases', 'Neuronal Plasticity', 'Tumor Necrosis Factor-alpha', 'Child', 'Cohort Studies', 'Female', 'Humans', 'Mothers', 'Phenotype', 'Reproduction', 'Siblings', 'Animals', 'Endometriosis', 'Endometrium', 'Female', 'Infertility, Female', 'Intracellular Signaling Peptides and Proteins', 'Mice', 'Progesterone', 'Receptor, ErbB-2', 'Receptors, Progesterone', 'Uterine Diseases', 'Feedback', 'Neurons', 'Photic Stimulation', 'Visual Cortex', 'Visual Pathways', 'Chronic Pain', 'Computer Simulation', 'Humans', 'Interneurons', 'Posterior Horn Cells', 'Spinal Cord', 'Spinal Cord Dorsal Horn', 'Synapses', 'Essential Tremor', 'Female', 'Humans', 'Language', 'Reading', 'Speech', 'Thalamus', 'Brain', 'Brain Mapping', 'Electroencephalography', 'Female', 'Humans', 'Male', 'Memory, Episodic', 'Mental Recall', 'Acetylcholine', 'Animals', 'Choline', 'Cholinergic Agents', 'Cholinergic Neurons', 'Female', 'Humans', 'Male', 'Membrane Transport Proteins', 'Mice', 'Symporters', 'Animals', 'Drosophila', 'Female', 'GABAergic Neurons', 'Habituation, Psychophysiologic', 'Sensory Receptor Cells', 'Sucrose', 'Tyrosine 3-Monooxygenase', 'Analgesia', 'Analgesics', 'Brain Mapping', 'Female', 'Humans', 'Magnetic Resonance Imaging', 'Male', 'Pain', 'Pain Perception', 'Brain', 'Brain Mapping', 'Broca Area', 'Female', 'Humans', 'Language', 'Linguistics', 'Male', 'Semantics', 'Animals', 'Electrophysiological Phenomena', 'Female', 'Interneurons', 'Male', 'Mice', 'Neurons', 'Optogenetics', 'Photic Stimulation', 'Visual Cortex', 'Visual Perception', 'Brain Mapping', 'Executive Function', 'Female', 'Humans', 'Inhibition, Psychological', 'Magnetic Resonance Imaging', 'Male', 'Memory, Short-Term', 'Prefrontal Cortex', 'Animals', 'Cocaine', 'Cyclin-Dependent Kinase Inhibitor p21', 'DNA Methylation', 'Epigenesis, Genetic', 'Male', 'MicroRNAs', 'Nucleus Accumbens', 'RNA, Messenger', 'Rats', 'Rats, Sprague-Dawley', 'Spermatozoa', 'Animals', 'Axons', 'Corpus Callosum', 'Female', 'Male', 'Mice', 'Mice, Inbred C57BL', 'Neurons', 'Neuropilin-1', 'Somatosensory Cortex']"
Common knowledge: shared genetics in psychiatry.,N/A,10.1038/s41593-019-0346-y,['Lea Karatheodoris Davis'],2019-Mar,Nature neuroscience,"['Animals', 'Electroencephalography', 'Geniculate Bodies', 'Linear Models', 'Mice', 'Neurons', 'Photic Stimulation', 'Retinal Ganglion Cells', 'Vision, Ocular', 'Visual Pathways', 'Fetus', 'Gene Expression Regulation', 'Genome-Wide Association Study', 'Humans', 'Mental Disorders', 'Psychiatry', 'Humans', 'Stress Disorders, Post-Traumatic', 'Humans', 'Microglia', 'Neuronal Plasticity', 'Schizophrenia', 'Synapses', 'Cell Line, Tumor', 'Epidermal Growth Factor', 'ErbB Receptors', 'Fluorescence', 'Fluorescent Dyes', 'Humans', 'Imaging, Three-Dimensional', 'Microscopy, Fluorescence', 'Quantum Dots', 'Single-Cell Analysis', 'Triple Negative Breast Neoplasms', 'Amino Acid Motifs', 'Animals', 'Cyclic GMP', 'GTP-Binding Protein alpha Subunits', 'Light Signal Transduction', 'Mice, Transgenic', 'Mutation', 'Phosphoric Diester Hydrolases', 'Photons', 'Retinal Rod Photoreceptor Cells', 'Rhodopsin', 'Transducin', 'Animals', 'Conditioning, Psychological', 'Dopamine', 'Drosophila Proteins', 'Drosophila melanogaster', 'Electric Stimulation', 'Female', 'GABAergic Neurons', 'Learning', 'Olfactory Pathways', 'Receptors, Dopamine D2', 'Smell', 'Synapses', 'Animals', 'Enzyme Inhibitors', 'Female', 'Hyperalgesia', 'Imidazoles', 'Interferon Regulatory Factors', 'Male', 'Microglia', 'Minocycline', 'Neurons', 'Pain', 'Pain Threshold', 'Pyridines', 'Rats', 'Rats, Sprague-Dawley', 'Receptors, Cell Surface', 'Sex Factors', 'Spinal Cord', 'Animals', 'Corpus Striatum', 'Female', 'Humans', 'Ligands', 'Mice', 'Mice, Inbred C57BL', 'Neurodegenerative Diseases', 'Neuroprotective Agents', 'Parkinsonian Disorders', 'Purines', 'Receptors, GABA', 'Action Potentials', 'Adult', 'Axons', 'Cell Line', 'Cells, Cultured', 'Female', 'Humans', 'Induced Pluripotent Stem Cells', 'Male', 'Mutation', 'NAV1.7 Voltage-Gated Sodium Channel', 'Nociception', 'Nociceptors', 'Pain Insensitivity, Congenital', ""Ranvier's Nodes"", 'Sodium Channel Blockers', 'Adaptation, Physiological', 'Animals', 'Ataxia', 'Cerebellum', 'Cerebral Cortex', 'Gait', 'Gait Analysis', 'Locomotion', 'Mice', 'Mice, Inbred Strains', 'Mice, Neurologic Mutants', 'Purkinje Cells', 'Sensorimotor Cortex', 'Spatial Learning', 'Time Factors', 'Animals', 'Body Patterning', 'Bone Morphogenetic Protein 4', 'Epidermal Cells', 'Keratinocytes', 'Keratins', 'Merkel Cells', 'Mice', 'Peripheral Nerves', 'Skin', 'Animals', 'Attention', 'Macaca', 'Optogenetics', 'Perception', 'Photic Stimulation', 'Visual Cortex', 'Action Potentials', 'Animals', 'Electroencephalography', 'Epilepsy', 'Hippocampus', 'Memory', 'Nerve Net', 'Rats', 'Animals', 'Cell Differentiation', 'Drosophila', 'Drosophila Proteins', 'ErbB Receptors', 'Gene Expression Regulation, Developmental', 'Neuroepithelial Cells', 'Neurons', 'Optic Lobe, Nonmammalian', 'Receptors, Invertebrate Peptide', 'Signal Transduction', 'Animals', 'Cells, Cultured', 'Gene Expression Regulation', 'Lung', 'Lysophospholipids', 'Male', 'Mice', 'Mice, Inbred C57BL', 'Mice, Knockout', 'RNA, Messenger', 'Reverse Transcriptase Polymerase Chain Reaction', 'Sensory Receptor Cells', 'Sphingosine', 'Sphingosine-1-Phosphate Receptors', 'Vagus Nerve', 'Brain', 'Electromyography', 'Humans', 'Muscles', 'Recruitment, Neurophysiological', 'Resistance Training', 'Female', 'Humans', 'Male', 'Memory Disorders', 'Mental Recall', 'Middle Aged', 'Temporal Lobe', 'Animals', 'Calcium Channels', 'Disease Models, Animal', 'Early Growth Response Protein 1', 'Epilepsy, Temporal Lobe', 'Hippocampus', 'Humans', 'Kainic Acid', 'Male', 'Mice', 'Nerve Net', 'Pilocarpine', 'Seizures', 'Status Epilepticus', 'Adult', 'Alpha Rhythm', 'Beta Rhythm', 'Brain', 'Electroencephalography', 'Female', 'Humans', 'Magnetoencephalography', 'Male', 'Motor Activity', 'Neurons', 'Time Perception', 'Young Adult']"
Post-traumatic stress disorder as a disorder of prediction.,N/A,10.1038/s41593-019-0345-z,['Peggy Seriès'],2019-Mar,Nature neuroscience,"['Animals', 'Electroencephalography', 'Geniculate Bodies', 'Linear Models', 'Mice', 'Neurons', 'Photic Stimulation', 'Retinal Ganglion Cells', 'Vision, Ocular', 'Visual Pathways', 'Fetus', 'Gene Expression Regulation', 'Genome-Wide Association Study', 'Humans', 'Mental Disorders', 'Psychiatry', 'Humans', 'Stress Disorders, Post-Traumatic', 'Humans', 'Microglia', 'Neuronal Plasticity', 'Schizophrenia', 'Synapses', 'Cell Line, Tumor', 'Epidermal Growth Factor', 'ErbB Receptors', 'Fluorescence', 'Fluorescent Dyes', 'Humans', 'Imaging, Three-Dimensional', 'Microscopy, Fluorescence', 'Quantum Dots', 'Single-Cell Analysis', 'Triple Negative Breast Neoplasms', 'Amino Acid Motifs', 'Animals', 'Cyclic GMP', 'GTP-Binding Protein alpha Subunits', 'Light Signal Transduction', 'Mice, Transgenic', 'Mutation', 'Phosphoric Diester Hydrolases', 'Photons', 'Retinal Rod Photoreceptor Cells', 'Rhodopsin', 'Transducin', 'Animals', 'Conditioning, Psychological', 'Dopamine', 'Drosophila Proteins', 'Drosophila melanogaster', 'Electric Stimulation', 'Female', 'GABAergic Neurons', 'Learning', 'Olfactory Pathways', 'Receptors, Dopamine D2', 'Smell', 'Synapses', 'Animals', 'Enzyme Inhibitors', 'Female', 'Hyperalgesia', 'Imidazoles', 'Interferon Regulatory Factors', 'Male', 'Microglia', 'Minocycline', 'Neurons', 'Pain', 'Pain Threshold', 'Pyridines', 'Rats', 'Rats, Sprague-Dawley', 'Receptors, Cell Surface', 'Sex Factors', 'Spinal Cord', 'Animals', 'Corpus Striatum', 'Female', 'Humans', 'Ligands', 'Mice', 'Mice, Inbred C57BL', 'Neurodegenerative Diseases', 'Neuroprotective Agents', 'Parkinsonian Disorders', 'Purines', 'Receptors, GABA', 'Action Potentials', 'Adult', 'Axons', 'Cell Line', 'Cells, Cultured', 'Female', 'Humans', 'Induced Pluripotent Stem Cells', 'Male', 'Mutation', 'NAV1.7 Voltage-Gated Sodium Channel', 'Nociception', 'Nociceptors', 'Pain Insensitivity, Congenital', ""Ranvier's Nodes"", 'Sodium Channel Blockers', 'Adaptation, Physiological', 'Animals', 'Ataxia', 'Cerebellum', 'Cerebral Cortex', 'Gait', 'Gait Analysis', 'Locomotion', 'Mice', 'Mice, Inbred Strains', 'Mice, Neurologic Mutants', 'Purkinje Cells', 'Sensorimotor Cortex', 'Spatial Learning', 'Time Factors', 'Animals', 'Body Patterning', 'Bone Morphogenetic Protein 4', 'Epidermal Cells', 'Keratinocytes', 'Keratins', 'Merkel Cells', 'Mice', 'Peripheral Nerves', 'Skin', 'Animals', 'Attention', 'Macaca', 'Optogenetics', 'Perception', 'Photic Stimulation', 'Visual Cortex', 'Action Potentials', 'Animals', 'Electroencephalography', 'Epilepsy', 'Hippocampus', 'Memory', 'Nerve Net', 'Rats', 'Animals', 'Cell Differentiation', 'Drosophila', 'Drosophila Proteins', 'ErbB Receptors', 'Gene Expression Regulation, Developmental', 'Neuroepithelial Cells', 'Neurons', 'Optic Lobe, Nonmammalian', 'Receptors, Invertebrate Peptide', 'Signal Transduction', 'Animals', 'Cells, Cultured', 'Gene Expression Regulation', 'Lung', 'Lysophospholipids', 'Male', 'Mice', 'Mice, Inbred C57BL', 'Mice, Knockout', 'RNA, Messenger', 'Reverse Transcriptase Polymerase Chain Reaction', 'Sensory Receptor Cells', 'Sphingosine', 'Sphingosine-1-Phosphate Receptors', 'Vagus Nerve', 'Brain', 'Electromyography', 'Humans', 'Muscles', 'Recruitment, Neurophysiological', 'Resistance Training', 'Female', 'Humans', 'Male', 'Memory Disorders', 'Mental Recall', 'Middle Aged', 'Temporal Lobe', 'Animals', 'Calcium Channels', 'Disease Models, Animal', 'Early Growth Response Protein 1', 'Epilepsy, Temporal Lobe', 'Hippocampus', 'Humans', 'Kainic Acid', 'Male', 'Mice', 'Nerve Net', 'Pilocarpine', 'Seizures', 'Status Epilepticus', 'Adult', 'Alpha Rhythm', 'Beta Rhythm', 'Brain', 'Electroencephalography', 'Female', 'Humans', 'Magnetoencephalography', 'Male', 'Motor Activity', 'Neurons', 'Time Perception', 'Young Adult']"
"Microglia, complement and schizophrenia.",N/A,10.1038/s41593-019-0343-1,"['Meiyan Wang', 'Lei Zhang', 'Fred H Gage']",2019-Mar,Nature neuroscience,"['Animals', 'Electroencephalography', 'Geniculate Bodies', 'Linear Models', 'Mice', 'Neurons', 'Photic Stimulation', 'Retinal Ganglion Cells', 'Vision, Ocular', 'Visual Pathways', 'Fetus', 'Gene Expression Regulation', 'Genome-Wide Association Study', 'Humans', 'Mental Disorders', 'Psychiatry', 'Humans', 'Stress Disorders, Post-Traumatic', 'Humans', 'Microglia', 'Neuronal Plasticity', 'Schizophrenia', 'Synapses', 'Cell Line, Tumor', 'Epidermal Growth Factor', 'ErbB Receptors', 'Fluorescence', 'Fluorescent Dyes', 'Humans', 'Imaging, Three-Dimensional', 'Microscopy, Fluorescence', 'Quantum Dots', 'Single-Cell Analysis', 'Triple Negative Breast Neoplasms', 'Amino Acid Motifs', 'Animals', 'Cyclic GMP', 'GTP-Binding Protein alpha Subunits', 'Light Signal Transduction', 'Mice, Transgenic', 'Mutation', 'Phosphoric Diester Hydrolases', 'Photons', 'Retinal Rod Photoreceptor Cells', 'Rhodopsin', 'Transducin', 'Animals', 'Conditioning, Psychological', 'Dopamine', 'Drosophila Proteins', 'Drosophila melanogaster', 'Electric Stimulation', 'Female', 'GABAergic Neurons', 'Learning', 'Olfactory Pathways', 'Receptors, Dopamine D2', 'Smell', 'Synapses', 'Animals', 'Enzyme Inhibitors', 'Female', 'Hyperalgesia', 'Imidazoles', 'Interferon Regulatory Factors', 'Male', 'Microglia', 'Minocycline', 'Neurons', 'Pain', 'Pain Threshold', 'Pyridines', 'Rats', 'Rats, Sprague-Dawley', 'Receptors, Cell Surface', 'Sex Factors', 'Spinal Cord', 'Animals', 'Corpus Striatum', 'Female', 'Humans', 'Ligands', 'Mice', 'Mice, Inbred C57BL', 'Neurodegenerative Diseases', 'Neuroprotective Agents', 'Parkinsonian Disorders', 'Purines', 'Receptors, GABA', 'Action Potentials', 'Adult', 'Axons', 'Cell Line', 'Cells, Cultured', 'Female', 'Humans', 'Induced Pluripotent Stem Cells', 'Male', 'Mutation', 'NAV1.7 Voltage-Gated Sodium Channel', 'Nociception', 'Nociceptors', 'Pain Insensitivity, Congenital', ""Ranvier's Nodes"", 'Sodium Channel Blockers', 'Adaptation, Physiological', 'Animals', 'Ataxia', 'Cerebellum', 'Cerebral Cortex', 'Gait', 'Gait Analysis', 'Locomotion', 'Mice', 'Mice, Inbred Strains', 'Mice, Neurologic Mutants', 'Purkinje Cells', 'Sensorimotor Cortex', 'Spatial Learning', 'Time Factors', 'Animals', 'Body Patterning', 'Bone Morphogenetic Protein 4', 'Epidermal Cells', 'Keratinocytes', 'Keratins', 'Merkel Cells', 'Mice', 'Peripheral Nerves', 'Skin', 'Animals', 'Attention', 'Macaca', 'Optogenetics', 'Perception', 'Photic Stimulation', 'Visual Cortex', 'Action Potentials', 'Animals', 'Electroencephalography', 'Epilepsy', 'Hippocampus', 'Memory', 'Nerve Net', 'Rats', 'Animals', 'Cell Differentiation', 'Drosophila', 'Drosophila Proteins', 'ErbB Receptors', 'Gene Expression Regulation, Developmental', 'Neuroepithelial Cells', 'Neurons', 'Optic Lobe, Nonmammalian', 'Receptors, Invertebrate Peptide', 'Signal Transduction', 'Animals', 'Cells, Cultured', 'Gene Expression Regulation', 'Lung', 'Lysophospholipids', 'Male', 'Mice', 'Mice, Inbred C57BL', 'Mice, Knockout', 'RNA, Messenger', 'Reverse Transcriptase Polymerase Chain Reaction', 'Sensory Receptor Cells', 'Sphingosine', 'Sphingosine-1-Phosphate Receptors', 'Vagus Nerve', 'Brain', 'Electromyography', 'Humans', 'Muscles', 'Recruitment, Neurophysiological', 'Resistance Training', 'Female', 'Humans', 'Male', 'Memory Disorders', 'Mental Recall', 'Middle Aged', 'Temporal Lobe', 'Animals', 'Calcium Channels', 'Disease Models, Animal', 'Early Growth Response Protein 1', 'Epilepsy, Temporal Lobe', 'Hippocampus', 'Humans', 'Kainic Acid', 'Male', 'Mice', 'Nerve Net', 'Pilocarpine', 'Seizures', 'Status Epilepticus', 'Adult', 'Alpha Rhythm', 'Beta Rhythm', 'Brain', 'Electroencephalography', 'Female', 'Humans', 'Magnetoencephalography', 'Male', 'Motor Activity', 'Neurons', 'Time Perception', 'Young Adult']"
Counting growth factors in single cells with infrared quantum dots to measure discrete stimulation distributions.,"The distribution of single-cell properties across a population of cells can be measured using diverse tools, but no technology directly quantifies the biochemical stimulation events regulating these properties. Here we report digital counting of growth factors in single cells using fluorescent quantum dots and calibrated three-dimensional deconvolution microscopy (QDC-3DM) to reveal physiologically relevant cell stimulation distributions. We calibrate the fluorescence intensities of individual compact quantum dots labeled with epidermal growth factor (EGF) and demonstrate the necessity of near-infrared emission to overcome intrinsic cellular autofluoresence at the single-molecule level. When applied to human triple-negative breast cancer cells, we observe proportionality between stimulation and both receptor internalization and inhibitor response, reflecting stimulation heterogeneity contributions to intrinsic variability. We anticipate that QDC-3DM can be applied to analyze any peptidic ligand to reveal single-cell correlations between external stimulation and phenotypic variability, cell fate, and drug response.",10.1038/s41467-019-08754-5,"['Phuong Le', 'Sung Jun Lim', 'Brian C Baculis', 'Hee Jung Chung', 'Kristopher A Kilian', 'Andrew M Smith']",2019-Feb,Nature communications,"['Animals', 'Electroencephalography', 'Geniculate Bodies', 'Linear Models', 'Mice', 'Neurons', 'Photic Stimulation', 'Retinal Ganglion Cells', 'Vision, Ocular', 'Visual Pathways', 'Fetus', 'Gene Expression Regulation', 'Genome-Wide Association Study', 'Humans', 'Mental Disorders', 'Psychiatry', 'Humans', 'Stress Disorders, Post-Traumatic', 'Humans', 'Microglia', 'Neuronal Plasticity', 'Schizophrenia', 'Synapses', 'Cell Line, Tumor', 'Epidermal Growth Factor', 'ErbB Receptors', 'Fluorescence', 'Fluorescent Dyes', 'Humans', 'Imaging, Three-Dimensional', 'Microscopy, Fluorescence', 'Quantum Dots', 'Single-Cell Analysis', 'Triple Negative Breast Neoplasms', 'Amino Acid Motifs', 'Animals', 'Cyclic GMP', 'GTP-Binding Protein alpha Subunits', 'Light Signal Transduction', 'Mice, Transgenic', 'Mutation', 'Phosphoric Diester Hydrolases', 'Photons', 'Retinal Rod Photoreceptor Cells', 'Rhodopsin', 'Transducin', 'Animals', 'Conditioning, Psychological', 'Dopamine', 'Drosophila Proteins', 'Drosophila melanogaster', 'Electric Stimulation', 'Female', 'GABAergic Neurons', 'Learning', 'Olfactory Pathways', 'Receptors, Dopamine D2', 'Smell', 'Synapses', 'Animals', 'Enzyme Inhibitors', 'Female', 'Hyperalgesia', 'Imidazoles', 'Interferon Regulatory Factors', 'Male', 'Microglia', 'Minocycline', 'Neurons', 'Pain', 'Pain Threshold', 'Pyridines', 'Rats', 'Rats, Sprague-Dawley', 'Receptors, Cell Surface', 'Sex Factors', 'Spinal Cord', 'Animals', 'Corpus Striatum', 'Female', 'Humans', 'Ligands', 'Mice', 'Mice, Inbred C57BL', 'Neurodegenerative Diseases', 'Neuroprotective Agents', 'Parkinsonian Disorders', 'Purines', 'Receptors, GABA', 'Action Potentials', 'Adult', 'Axons', 'Cell Line', 'Cells, Cultured', 'Female', 'Humans', 'Induced Pluripotent Stem Cells', 'Male', 'Mutation', 'NAV1.7 Voltage-Gated Sodium Channel', 'Nociception', 'Nociceptors', 'Pain Insensitivity, Congenital', ""Ranvier's Nodes"", 'Sodium Channel Blockers', 'Adaptation, Physiological', 'Animals', 'Ataxia', 'Cerebellum', 'Cerebral Cortex', 'Gait', 'Gait Analysis', 'Locomotion', 'Mice', 'Mice, Inbred Strains', 'Mice, Neurologic Mutants', 'Purkinje Cells', 'Sensorimotor Cortex', 'Spatial Learning', 'Time Factors', 'Animals', 'Body Patterning', 'Bone Morphogenetic Protein 4', 'Epidermal Cells', 'Keratinocytes', 'Keratins', 'Merkel Cells', 'Mice', 'Peripheral Nerves', 'Skin', 'Animals', 'Attention', 'Macaca', 'Optogenetics', 'Perception', 'Photic Stimulation', 'Visual Cortex', 'Action Potentials', 'Animals', 'Electroencephalography', 'Epilepsy', 'Hippocampus', 'Memory', 'Nerve Net', 'Rats', 'Animals', 'Cell Differentiation', 'Drosophila', 'Drosophila Proteins', 'ErbB Receptors', 'Gene Expression Regulation, Developmental', 'Neuroepithelial Cells', 'Neurons', 'Optic Lobe, Nonmammalian', 'Receptors, Invertebrate Peptide', 'Signal Transduction', 'Animals', 'Cells, Cultured', 'Gene Expression Regulation', 'Lung', 'Lysophospholipids', 'Male', 'Mice', 'Mice, Inbred C57BL', 'Mice, Knockout', 'RNA, Messenger', 'Reverse Transcriptase Polymerase Chain Reaction', 'Sensory Receptor Cells', 'Sphingosine', 'Sphingosine-1-Phosphate Receptors', 'Vagus Nerve', 'Brain', 'Electromyography', 'Humans', 'Muscles', 'Recruitment, Neurophysiological', 'Resistance Training', 'Female', 'Humans', 'Male', 'Memory Disorders', 'Mental Recall', 'Middle Aged', 'Temporal Lobe', 'Animals', 'Calcium Channels', 'Disease Models, Animal', 'Early Growth Response Protein 1', 'Epilepsy, Temporal Lobe', 'Hippocampus', 'Humans', 'Kainic Acid', 'Male', 'Mice', 'Nerve Net', 'Pilocarpine', 'Seizures', 'Status Epilepticus', 'Adult', 'Alpha Rhythm', 'Beta Rhythm', 'Brain', 'Electroencephalography', 'Female', 'Humans', 'Magnetoencephalography', 'Male', 'Motor Activity', 'Neurons', 'Time Perception', 'Young Adult']"
Elementary response triggered by transducin in retinal rods.,"G protein-coupled receptor (GPCR) signaling is crucial for many physiological processes. A signature of such pathways is high amplification, a concept originating from retinal rod phototransduction, whereby one photoactivated rhodopsin molecule (Rho*) was long reported to activate several hundred transducins (G",10.1073/pnas.1817781116,"['Wendy W S Yue', 'Daniel Silverman', 'Xiaozhi Ren', 'Rikard Frederiksen', 'Kazumi Sakai', 'Takahiro Yamashita', 'Yoshinori Shichida', 'M Carter Cornwall', 'Jeannie Chen', 'King-Wai Yau']",2019-Mar,Proceedings of the National Academy of Sciences of the United States of America,"['Animals', 'Electroencephalography', 'Geniculate Bodies', 'Linear Models', 'Mice', 'Neurons', 'Photic Stimulation', 'Retinal Ganglion Cells', 'Vision, Ocular', 'Visual Pathways', 'Fetus', 'Gene Expression Regulation', 'Genome-Wide Association Study', 'Humans', 'Mental Disorders', 'Psychiatry', 'Humans', 'Stress Disorders, Post-Traumatic', 'Humans', 'Microglia', 'Neuronal Plasticity', 'Schizophrenia', 'Synapses', 'Cell Line, Tumor', 'Epidermal Growth Factor', 'ErbB Receptors', 'Fluorescence', 'Fluorescent Dyes', 'Humans', 'Imaging, Three-Dimensional', 'Microscopy, Fluorescence', 'Quantum Dots', 'Single-Cell Analysis', 'Triple Negative Breast Neoplasms', 'Amino Acid Motifs', 'Animals', 'Cyclic GMP', 'GTP-Binding Protein alpha Subunits', 'Light Signal Transduction', 'Mice, Transgenic', 'Mutation', 'Phosphoric Diester Hydrolases', 'Photons', 'Retinal Rod Photoreceptor Cells', 'Rhodopsin', 'Transducin', 'Animals', 'Conditioning, Psychological', 'Dopamine', 'Drosophila Proteins', 'Drosophila melanogaster', 'Electric Stimulation', 'Female', 'GABAergic Neurons', 'Learning', 'Olfactory Pathways', 'Receptors, Dopamine D2', 'Smell', 'Synapses', 'Animals', 'Enzyme Inhibitors', 'Female', 'Hyperalgesia', 'Imidazoles', 'Interferon Regulatory Factors', 'Male', 'Microglia', 'Minocycline', 'Neurons', 'Pain', 'Pain Threshold', 'Pyridines', 'Rats', 'Rats, Sprague-Dawley', 'Receptors, Cell Surface', 'Sex Factors', 'Spinal Cord', 'Animals', 'Corpus Striatum', 'Female', 'Humans', 'Ligands', 'Mice', 'Mice, Inbred C57BL', 'Neurodegenerative Diseases', 'Neuroprotective Agents', 'Parkinsonian Disorders', 'Purines', 'Receptors, GABA', 'Action Potentials', 'Adult', 'Axons', 'Cell Line', 'Cells, Cultured', 'Female', 'Humans', 'Induced Pluripotent Stem Cells', 'Male', 'Mutation', 'NAV1.7 Voltage-Gated Sodium Channel', 'Nociception', 'Nociceptors', 'Pain Insensitivity, Congenital', ""Ranvier's Nodes"", 'Sodium Channel Blockers', 'Adaptation, Physiological', 'Animals', 'Ataxia', 'Cerebellum', 'Cerebral Cortex', 'Gait', 'Gait Analysis', 'Locomotion', 'Mice', 'Mice, Inbred Strains', 'Mice, Neurologic Mutants', 'Purkinje Cells', 'Sensorimotor Cortex', 'Spatial Learning', 'Time Factors', 'Animals', 'Body Patterning', 'Bone Morphogenetic Protein 4', 'Epidermal Cells', 'Keratinocytes', 'Keratins', 'Merkel Cells', 'Mice', 'Peripheral Nerves', 'Skin', 'Animals', 'Attention', 'Macaca', 'Optogenetics', 'Perception', 'Photic Stimulation', 'Visual Cortex', 'Action Potentials', 'Animals', 'Electroencephalography', 'Epilepsy', 'Hippocampus', 'Memory', 'Nerve Net', 'Rats', 'Animals', 'Cell Differentiation', 'Drosophila', 'Drosophila Proteins', 'ErbB Receptors', 'Gene Expression Regulation, Developmental', 'Neuroepithelial Cells', 'Neurons', 'Optic Lobe, Nonmammalian', 'Receptors, Invertebrate Peptide', 'Signal Transduction', 'Animals', 'Cells, Cultured', 'Gene Expression Regulation', 'Lung', 'Lysophospholipids', 'Male', 'Mice', 'Mice, Inbred C57BL', 'Mice, Knockout', 'RNA, Messenger', 'Reverse Transcriptase Polymerase Chain Reaction', 'Sensory Receptor Cells', 'Sphingosine', 'Sphingosine-1-Phosphate Receptors', 'Vagus Nerve', 'Brain', 'Electromyography', 'Humans', 'Muscles', 'Recruitment, Neurophysiological', 'Resistance Training', 'Female', 'Humans', 'Male', 'Memory Disorders', 'Mental Recall', 'Middle Aged', 'Temporal Lobe', 'Animals', 'Calcium Channels', 'Disease Models, Animal', 'Early Growth Response Protein 1', 'Epilepsy, Temporal Lobe', 'Hippocampus', 'Humans', 'Kainic Acid', 'Male', 'Mice', 'Nerve Net', 'Pilocarpine', 'Seizures', 'Status Epilepticus', 'Adult', 'Alpha Rhythm', 'Beta Rhythm', 'Brain', 'Electroencephalography', 'Female', 'Humans', 'Magnetoencephalography', 'Male', 'Motor Activity', 'Neurons', 'Time Perception', 'Young Adult']"
Suppression of GABAergic neurons through D2-like receptor secures efficient conditioning in ,"The GABAergic system serves as a vital negative modulator in cognitive functions, such as learning and memory, while the mechanisms governing this inhibitory system remain to be elucidated. In ",10.1073/pnas.1812342116,"['Mingmin Zhou', 'Nannan Chen', 'Jingsong Tian', 'Jianzhi Zeng', 'Yunpeng Zhang', 'Xiaofan Zhang', 'Jing Guo', 'Jinghan Sun', 'Yulong Li', 'Aike Guo', 'Yan Li']",2019-Mar,Proceedings of the National Academy of Sciences of the United States of America,"['Animals', 'Electroencephalography', 'Geniculate Bodies', 'Linear Models', 'Mice', 'Neurons', 'Photic Stimulation', 'Retinal Ganglion Cells', 'Vision, Ocular', 'Visual Pathways', 'Fetus', 'Gene Expression Regulation', 'Genome-Wide Association Study', 'Humans', 'Mental Disorders', 'Psychiatry', 'Humans', 'Stress Disorders, Post-Traumatic', 'Humans', 'Microglia', 'Neuronal Plasticity', 'Schizophrenia', 'Synapses', 'Cell Line, Tumor', 'Epidermal Growth Factor', 'ErbB Receptors', 'Fluorescence', 'Fluorescent Dyes', 'Humans', 'Imaging, Three-Dimensional', 'Microscopy, Fluorescence', 'Quantum Dots', 'Single-Cell Analysis', 'Triple Negative Breast Neoplasms', 'Amino Acid Motifs', 'Animals', 'Cyclic GMP', 'GTP-Binding Protein alpha Subunits', 'Light Signal Transduction', 'Mice, Transgenic', 'Mutation', 'Phosphoric Diester Hydrolases', 'Photons', 'Retinal Rod Photoreceptor Cells', 'Rhodopsin', 'Transducin', 'Animals', 'Conditioning, Psychological', 'Dopamine', 'Drosophila Proteins', 'Drosophila melanogaster', 'Electric Stimulation', 'Female', 'GABAergic Neurons', 'Learning', 'Olfactory Pathways', 'Receptors, Dopamine D2', 'Smell', 'Synapses', 'Animals', 'Enzyme Inhibitors', 'Female', 'Hyperalgesia', 'Imidazoles', 'Interferon Regulatory Factors', 'Male', 'Microglia', 'Minocycline', 'Neurons', 'Pain', 'Pain Threshold', 'Pyridines', 'Rats', 'Rats, Sprague-Dawley', 'Receptors, Cell Surface', 'Sex Factors', 'Spinal Cord', 'Animals', 'Corpus Striatum', 'Female', 'Humans', 'Ligands', 'Mice', 'Mice, Inbred C57BL', 'Neurodegenerative Diseases', 'Neuroprotective Agents', 'Parkinsonian Disorders', 'Purines', 'Receptors, GABA', 'Action Potentials', 'Adult', 'Axons', 'Cell Line', 'Cells, Cultured', 'Female', 'Humans', 'Induced Pluripotent Stem Cells', 'Male', 'Mutation', 'NAV1.7 Voltage-Gated Sodium Channel', 'Nociception', 'Nociceptors', 'Pain Insensitivity, Congenital', ""Ranvier's Nodes"", 'Sodium Channel Blockers', 'Adaptation, Physiological', 'Animals', 'Ataxia', 'Cerebellum', 'Cerebral Cortex', 'Gait', 'Gait Analysis', 'Locomotion', 'Mice', 'Mice, Inbred Strains', 'Mice, Neurologic Mutants', 'Purkinje Cells', 'Sensorimotor Cortex', 'Spatial Learning', 'Time Factors', 'Animals', 'Body Patterning', 'Bone Morphogenetic Protein 4', 'Epidermal Cells', 'Keratinocytes', 'Keratins', 'Merkel Cells', 'Mice', 'Peripheral Nerves', 'Skin', 'Animals', 'Attention', 'Macaca', 'Optogenetics', 'Perception', 'Photic Stimulation', 'Visual Cortex', 'Action Potentials', 'Animals', 'Electroencephalography', 'Epilepsy', 'Hippocampus', 'Memory', 'Nerve Net', 'Rats', 'Animals', 'Cell Differentiation', 'Drosophila', 'Drosophila Proteins', 'ErbB Receptors', 'Gene Expression Regulation, Developmental', 'Neuroepithelial Cells', 'Neurons', 'Optic Lobe, Nonmammalian', 'Receptors, Invertebrate Peptide', 'Signal Transduction', 'Animals', 'Cells, Cultured', 'Gene Expression Regulation', 'Lung', 'Lysophospholipids', 'Male', 'Mice', 'Mice, Inbred C57BL', 'Mice, Knockout', 'RNA, Messenger', 'Reverse Transcriptase Polymerase Chain Reaction', 'Sensory Receptor Cells', 'Sphingosine', 'Sphingosine-1-Phosphate Receptors', 'Vagus Nerve', 'Brain', 'Electromyography', 'Humans', 'Muscles', 'Recruitment, Neurophysiological', 'Resistance Training', 'Female', 'Humans', 'Male', 'Memory Disorders', 'Mental Recall', 'Middle Aged', 'Temporal Lobe', 'Animals', 'Calcium Channels', 'Disease Models, Animal', 'Early Growth Response Protein 1', 'Epilepsy, Temporal Lobe', 'Hippocampus', 'Humans', 'Kainic Acid', 'Male', 'Mice', 'Nerve Net', 'Pilocarpine', 'Seizures', 'Status Epilepticus', 'Adult', 'Alpha Rhythm', 'Beta Rhythm', 'Brain', 'Electroencephalography', 'Female', 'Humans', 'Magnetoencephalography', 'Male', 'Motor Activity', 'Neurons', 'Time Perception', 'Young Adult']"
Defining the Functional Role of Na,Loss-of-function mutations in Na,10.1016/j.neuron.2019.01.047,"['Lucy A McDermott', 'Greg A Weir', 'Andreas C Themistocleous', 'Andrew R Segerdahl', 'Iulia Blesneac', 'Georgios Baskozos', 'Alex J Clark', 'Val Millar', 'Liam J Peck', 'Daniel Ebner', 'Irene Tracey', 'Jordi Serra', 'David L Bennett']",2019-Mar,Neuron,"['Animals', 'Electroencephalography', 'Geniculate Bodies', 'Linear Models', 'Mice', 'Neurons', 'Photic Stimulation', 'Retinal Ganglion Cells', 'Vision, Ocular', 'Visual Pathways', 'Fetus', 'Gene Expression Regulation', 'Genome-Wide Association Study', 'Humans', 'Mental Disorders', 'Psychiatry', 'Humans', 'Stress Disorders, Post-Traumatic', 'Humans', 'Microglia', 'Neuronal Plasticity', 'Schizophrenia', 'Synapses', 'Cell Line, Tumor', 'Epidermal Growth Factor', 'ErbB Receptors', 'Fluorescence', 'Fluorescent Dyes', 'Humans', 'Imaging, Three-Dimensional', 'Microscopy, Fluorescence', 'Quantum Dots', 'Single-Cell Analysis', 'Triple Negative Breast Neoplasms', 'Amino Acid Motifs', 'Animals', 'Cyclic GMP', 'GTP-Binding Protein alpha Subunits', 'Light Signal Transduction', 'Mice, Transgenic', 'Mutation', 'Phosphoric Diester Hydrolases', 'Photons', 'Retinal Rod Photoreceptor Cells', 'Rhodopsin', 'Transducin', 'Animals', 'Conditioning, Psychological', 'Dopamine', 'Drosophila Proteins', 'Drosophila melanogaster', 'Electric Stimulation', 'Female', 'GABAergic Neurons', 'Learning', 'Olfactory Pathways', 'Receptors, Dopamine D2', 'Smell', 'Synapses', 'Animals', 'Enzyme Inhibitors', 'Female', 'Hyperalgesia', 'Imidazoles', 'Interferon Regulatory Factors', 'Male', 'Microglia', 'Minocycline', 'Neurons', 'Pain', 'Pain Threshold', 'Pyridines', 'Rats', 'Rats, Sprague-Dawley', 'Receptors, Cell Surface', 'Sex Factors', 'Spinal Cord', 'Animals', 'Corpus Striatum', 'Female', 'Humans', 'Ligands', 'Mice', 'Mice, Inbred C57BL', 'Neurodegenerative Diseases', 'Neuroprotective Agents', 'Parkinsonian Disorders', 'Purines', 'Receptors, GABA', 'Action Potentials', 'Adult', 'Axons', 'Cell Line', 'Cells, Cultured', 'Female', 'Humans', 'Induced Pluripotent Stem Cells', 'Male', 'Mutation', 'NAV1.7 Voltage-Gated Sodium Channel', 'Nociception', 'Nociceptors', 'Pain Insensitivity, Congenital', ""Ranvier's Nodes"", 'Sodium Channel Blockers', 'Adaptation, Physiological', 'Animals', 'Ataxia', 'Cerebellum', 'Cerebral Cortex', 'Gait', 'Gait Analysis', 'Locomotion', 'Mice', 'Mice, Inbred Strains', 'Mice, Neurologic Mutants', 'Purkinje Cells', 'Sensorimotor Cortex', 'Spatial Learning', 'Time Factors', 'Animals', 'Body Patterning', 'Bone Morphogenetic Protein 4', 'Epidermal Cells', 'Keratinocytes', 'Keratins', 'Merkel Cells', 'Mice', 'Peripheral Nerves', 'Skin', 'Animals', 'Attention', 'Macaca', 'Optogenetics', 'Perception', 'Photic Stimulation', 'Visual Cortex', 'Action Potentials', 'Animals', 'Electroencephalography', 'Epilepsy', 'Hippocampus', 'Memory', 'Nerve Net', 'Rats', 'Animals', 'Cell Differentiation', 'Drosophila', 'Drosophila Proteins', 'ErbB Receptors', 'Gene Expression Regulation, Developmental', 'Neuroepithelial Cells', 'Neurons', 'Optic Lobe, Nonmammalian', 'Receptors, Invertebrate Peptide', 'Signal Transduction', 'Animals', 'Cells, Cultured', 'Gene Expression Regulation', 'Lung', 'Lysophospholipids', 'Male', 'Mice', 'Mice, Inbred C57BL', 'Mice, Knockout', 'RNA, Messenger', 'Reverse Transcriptase Polymerase Chain Reaction', 'Sensory Receptor Cells', 'Sphingosine', 'Sphingosine-1-Phosphate Receptors', 'Vagus Nerve', 'Brain', 'Electromyography', 'Humans', 'Muscles', 'Recruitment, Neurophysiological', 'Resistance Training', 'Female', 'Humans', 'Male', 'Memory Disorders', 'Mental Recall', 'Middle Aged', 'Temporal Lobe', 'Animals', 'Calcium Channels', 'Disease Models, Animal', 'Early Growth Response Protein 1', 'Epilepsy, Temporal Lobe', 'Hippocampus', 'Humans', 'Kainic Acid', 'Male', 'Mice', 'Nerve Net', 'Pilocarpine', 'Seizures', 'Status Epilepticus', 'Adult', 'Alpha Rhythm', 'Beta Rhythm', 'Brain', 'Electroencephalography', 'Female', 'Humans', 'Magnetoencephalography', 'Male', 'Motor Activity', 'Neurons', 'Time Perception', 'Young Adult']"
The cellular basis of mechanosensory Merkel-cell innervation during development.,"Touch sensation is initiated by mechanosensory neurons that innervate distinct skin structures; however, little is known about how these neurons are patterned during mammalian skin development. We explored the cellular basis of touch-receptor patterning in mouse touch domes, which contain mechanosensory Merkel cell-neurite complexes and abut primary hair follicles. At embryonic stage 16.5 (E16.5), touch domes emerge as patches of Merkel cells and keratinocytes clustered with a previously unsuspected population of ",10.7554/eLife.42633,"['Blair A Jenkins', 'Natalia M Fontecilla', 'Catherine P Lu', 'Elaine Fuchs', 'Ellen A Lumpkin']",2019-Feb,eLife,"['Animals', 'Electroencephalography', 'Geniculate Bodies', 'Linear Models', 'Mice', 'Neurons', 'Photic Stimulation', 'Retinal Ganglion Cells', 'Vision, Ocular', 'Visual Pathways', 'Fetus', 'Gene Expression Regulation', 'Genome-Wide Association Study', 'Humans', 'Mental Disorders', 'Psychiatry', 'Humans', 'Stress Disorders, Post-Traumatic', 'Humans', 'Microglia', 'Neuronal Plasticity', 'Schizophrenia', 'Synapses', 'Cell Line, Tumor', 'Epidermal Growth Factor', 'ErbB Receptors', 'Fluorescence', 'Fluorescent Dyes', 'Humans', 'Imaging, Three-Dimensional', 'Microscopy, Fluorescence', 'Quantum Dots', 'Single-Cell Analysis', 'Triple Negative Breast Neoplasms', 'Amino Acid Motifs', 'Animals', 'Cyclic GMP', 'GTP-Binding Protein alpha Subunits', 'Light Signal Transduction', 'Mice, Transgenic', 'Mutation', 'Phosphoric Diester Hydrolases', 'Photons', 'Retinal Rod Photoreceptor Cells', 'Rhodopsin', 'Transducin', 'Animals', 'Conditioning, Psychological', 'Dopamine', 'Drosophila Proteins', 'Drosophila melanogaster', 'Electric Stimulation', 'Female', 'GABAergic Neurons', 'Learning', 'Olfactory Pathways', 'Receptors, Dopamine D2', 'Smell', 'Synapses', 'Animals', 'Enzyme Inhibitors', 'Female', 'Hyperalgesia', 'Imidazoles', 'Interferon Regulatory Factors', 'Male', 'Microglia', 'Minocycline', 'Neurons', 'Pain', 'Pain Threshold', 'Pyridines', 'Rats', 'Rats, Sprague-Dawley', 'Receptors, Cell Surface', 'Sex Factors', 'Spinal Cord', 'Animals', 'Corpus Striatum', 'Female', 'Humans', 'Ligands', 'Mice', 'Mice, Inbred C57BL', 'Neurodegenerative Diseases', 'Neuroprotective Agents', 'Parkinsonian Disorders', 'Purines', 'Receptors, GABA', 'Action Potentials', 'Adult', 'Axons', 'Cell Line', 'Cells, Cultured', 'Female', 'Humans', 'Induced Pluripotent Stem Cells', 'Male', 'Mutation', 'NAV1.7 Voltage-Gated Sodium Channel', 'Nociception', 'Nociceptors', 'Pain Insensitivity, Congenital', ""Ranvier's Nodes"", 'Sodium Channel Blockers', 'Adaptation, Physiological', 'Animals', 'Ataxia', 'Cerebellum', 'Cerebral Cortex', 'Gait', 'Gait Analysis', 'Locomotion', 'Mice', 'Mice, Inbred Strains', 'Mice, Neurologic Mutants', 'Purkinje Cells', 'Sensorimotor Cortex', 'Spatial Learning', 'Time Factors', 'Animals', 'Body Patterning', 'Bone Morphogenetic Protein 4', 'Epidermal Cells', 'Keratinocytes', 'Keratins', 'Merkel Cells', 'Mice', 'Peripheral Nerves', 'Skin', 'Animals', 'Attention', 'Macaca', 'Optogenetics', 'Perception', 'Photic Stimulation', 'Visual Cortex', 'Action Potentials', 'Animals', 'Electroencephalography', 'Epilepsy', 'Hippocampus', 'Memory', 'Nerve Net', 'Rats', 'Animals', 'Cell Differentiation', 'Drosophila', 'Drosophila Proteins', 'ErbB Receptors', 'Gene Expression Regulation, Developmental', 'Neuroepithelial Cells', 'Neurons', 'Optic Lobe, Nonmammalian', 'Receptors, Invertebrate Peptide', 'Signal Transduction', 'Animals', 'Cells, Cultured', 'Gene Expression Regulation', 'Lung', 'Lysophospholipids', 'Male', 'Mice', 'Mice, Inbred C57BL', 'Mice, Knockout', 'RNA, Messenger', 'Reverse Transcriptase Polymerase Chain Reaction', 'Sensory Receptor Cells', 'Sphingosine', 'Sphingosine-1-Phosphate Receptors', 'Vagus Nerve', 'Brain', 'Electromyography', 'Humans', 'Muscles', 'Recruitment, Neurophysiological', 'Resistance Training', 'Female', 'Humans', 'Male', 'Memory Disorders', 'Mental Recall', 'Middle Aged', 'Temporal Lobe', 'Animals', 'Calcium Channels', 'Disease Models, Animal', 'Early Growth Response Protein 1', 'Epilepsy, Temporal Lobe', 'Hippocampus', 'Humans', 'Kainic Acid', 'Male', 'Mice', 'Nerve Net', 'Pilocarpine', 'Seizures', 'Status Epilepticus', 'Adult', 'Alpha Rhythm', 'Beta Rhythm', 'Brain', 'Electroencephalography', 'Female', 'Humans', 'Magnetoencephalography', 'Male', 'Motor Activity', 'Neurons', 'Time Perception', 'Young Adult']"
Optogenetically induced low-frequency correlations impair perception.,"Deployment of covert attention to a spatial location can cause large decreases in low-frequency correlated variability among neurons in macaque area V4 whose receptive-fields lie at the attended location. It has been estimated that this reduction accounts for a substantial fraction of the attention-mediated improvement in sensory processing. These estimates depend on assumptions about how population signals are decoded and the conclusion that correlated variability impairs perception, is purely hypothetical. Here we test this proposal directly by optogenetically inducing low-frequency fluctuations, to see if this interferes with performance in an attention-demanding task. We find that low-frequency optical stimulation of neurons in V4 elevates correlations among pairs of neurons and impairs the animal's ability to make fine sensory discriminations. Stimulation at higher frequencies does not impair performance, despite comparable modulation of neuronal responses. These results support the hypothesis that attention-dependent reductions in correlated variability contribute to improved perception of attended stimuli.",10.7554/eLife.35123,"['Anirvan Nandy', 'Jonathan J Nassi', 'Monika P Jadi', 'John Reynolds']",2019-Feb,eLife,"['Animals', 'Electroencephalography', 'Geniculate Bodies', 'Linear Models', 'Mice', 'Neurons', 'Photic Stimulation', 'Retinal Ganglion Cells', 'Vision, Ocular', 'Visual Pathways', 'Fetus', 'Gene Expression Regulation', 'Genome-Wide Association Study', 'Humans', 'Mental Disorders', 'Psychiatry', 'Humans', 'Stress Disorders, Post-Traumatic', 'Humans', 'Microglia', 'Neuronal Plasticity', 'Schizophrenia', 'Synapses', 'Cell Line, Tumor', 'Epidermal Growth Factor', 'ErbB Receptors', 'Fluorescence', 'Fluorescent Dyes', 'Humans', 'Imaging, Three-Dimensional', 'Microscopy, Fluorescence', 'Quantum Dots', 'Single-Cell Analysis', 'Triple Negative Breast Neoplasms', 'Amino Acid Motifs', 'Animals', 'Cyclic GMP', 'GTP-Binding Protein alpha Subunits', 'Light Signal Transduction', 'Mice, Transgenic', 'Mutation', 'Phosphoric Diester Hydrolases', 'Photons', 'Retinal Rod Photoreceptor Cells', 'Rhodopsin', 'Transducin', 'Animals', 'Conditioning, Psychological', 'Dopamine', 'Drosophila Proteins', 'Drosophila melanogaster', 'Electric Stimulation', 'Female', 'GABAergic Neurons', 'Learning', 'Olfactory Pathways', 'Receptors, Dopamine D2', 'Smell', 'Synapses', 'Animals', 'Enzyme Inhibitors', 'Female', 'Hyperalgesia', 'Imidazoles', 'Interferon Regulatory Factors', 'Male', 'Microglia', 'Minocycline', 'Neurons', 'Pain', 'Pain Threshold', 'Pyridines', 'Rats', 'Rats, Sprague-Dawley', 'Receptors, Cell Surface', 'Sex Factors', 'Spinal Cord', 'Animals', 'Corpus Striatum', 'Female', 'Humans', 'Ligands', 'Mice', 'Mice, Inbred C57BL', 'Neurodegenerative Diseases', 'Neuroprotective Agents', 'Parkinsonian Disorders', 'Purines', 'Receptors, GABA', 'Action Potentials', 'Adult', 'Axons', 'Cell Line', 'Cells, Cultured', 'Female', 'Humans', 'Induced Pluripotent Stem Cells', 'Male', 'Mutation', 'NAV1.7 Voltage-Gated Sodium Channel', 'Nociception', 'Nociceptors', 'Pain Insensitivity, Congenital', ""Ranvier's Nodes"", 'Sodium Channel Blockers', 'Adaptation, Physiological', 'Animals', 'Ataxia', 'Cerebellum', 'Cerebral Cortex', 'Gait', 'Gait Analysis', 'Locomotion', 'Mice', 'Mice, Inbred Strains', 'Mice, Neurologic Mutants', 'Purkinje Cells', 'Sensorimotor Cortex', 'Spatial Learning', 'Time Factors', 'Animals', 'Body Patterning', 'Bone Morphogenetic Protein 4', 'Epidermal Cells', 'Keratinocytes', 'Keratins', 'Merkel Cells', 'Mice', 'Peripheral Nerves', 'Skin', 'Animals', 'Attention', 'Macaca', 'Optogenetics', 'Perception', 'Photic Stimulation', 'Visual Cortex', 'Action Potentials', 'Animals', 'Electroencephalography', 'Epilepsy', 'Hippocampus', 'Memory', 'Nerve Net', 'Rats', 'Animals', 'Cell Differentiation', 'Drosophila', 'Drosophila Proteins', 'ErbB Receptors', 'Gene Expression Regulation, Developmental', 'Neuroepithelial Cells', 'Neurons', 'Optic Lobe, Nonmammalian', 'Receptors, Invertebrate Peptide', 'Signal Transduction', 'Animals', 'Cells, Cultured', 'Gene Expression Regulation', 'Lung', 'Lysophospholipids', 'Male', 'Mice', 'Mice, Inbred C57BL', 'Mice, Knockout', 'RNA, Messenger', 'Reverse Transcriptase Polymerase Chain Reaction', 'Sensory Receptor Cells', 'Sphingosine', 'Sphingosine-1-Phosphate Receptors', 'Vagus Nerve', 'Brain', 'Electromyography', 'Humans', 'Muscles', 'Recruitment, Neurophysiological', 'Resistance Training', 'Female', 'Humans', 'Male', 'Memory Disorders', 'Mental Recall', 'Middle Aged', 'Temporal Lobe', 'Animals', 'Calcium Channels', 'Disease Models, Animal', 'Early Growth Response Protein 1', 'Epilepsy, Temporal Lobe', 'Hippocampus', 'Humans', 'Kainic Acid', 'Male', 'Mice', 'Nerve Net', 'Pilocarpine', 'Seizures', 'Status Epilepticus', 'Adult', 'Alpha Rhythm', 'Beta Rhythm', 'Brain', 'Electroencephalography', 'Female', 'Humans', 'Magnetoencephalography', 'Male', 'Motor Activity', 'Neurons', 'Time Perception', 'Young Adult']"
The impact of pathological high-frequency oscillations on hippocampal network activity in rats with chronic epilepsy.,"In epilepsy, brain networks generate pathological high-frequency oscillations (pHFOs) during interictal periods. To understand how pHFOs differ from normal oscillations in overlapping frequency bands and potentially perturb hippocampal processing, we performed high-density single unit and local field potential recordings from hippocampi of behaving rats with and without chronic epilepsy. In epileptic animals, we observed two types of co-occurring fast oscillations, which by comparison to control animals we could classify as 'ripple-like' or 'pHFO'. We compared their spectral characteristics, brain state dependence, and cellular participants. Strikingly, pHFO occurred irrespective of brain state, were associated with interictal spikes, engaged distinct subnetworks of principal neurons compared to ripple-like events, increased the sparsity of network activity, and initiated both general and immediate disruptions in spatial information coding. Taken together, our findings suggest that events that result in pHFOs have an immediate impact on memory processes, corroborating the need for proper classification of pHFOs to facilitate therapeutic interventions that selectively target pathological activity.",10.7554/eLife.42148,"['Laura A Ewell', 'Kyle B Fischer', 'Christian Leibold', 'Stefan Leutgeb', 'Jill K Leutgeb']",2019-Feb,eLife,"['Animals', 'Electroencephalography', 'Geniculate Bodies', 'Linear Models', 'Mice', 'Neurons', 'Photic Stimulation', 'Retinal Ganglion Cells', 'Vision, Ocular', 'Visual Pathways', 'Fetus', 'Gene Expression Regulation', 'Genome-Wide Association Study', 'Humans', 'Mental Disorders', 'Psychiatry', 'Humans', 'Stress Disorders, Post-Traumatic', 'Humans', 'Microglia', 'Neuronal Plasticity', 'Schizophrenia', 'Synapses', 'Cell Line, Tumor', 'Epidermal Growth Factor', 'ErbB Receptors', 'Fluorescence', 'Fluorescent Dyes', 'Humans', 'Imaging, Three-Dimensional', 'Microscopy, Fluorescence', 'Quantum Dots', 'Single-Cell Analysis', 'Triple Negative Breast Neoplasms', 'Amino Acid Motifs', 'Animals', 'Cyclic GMP', 'GTP-Binding Protein alpha Subunits', 'Light Signal Transduction', 'Mice, Transgenic', 'Mutation', 'Phosphoric Diester Hydrolases', 'Photons', 'Retinal Rod Photoreceptor Cells', 'Rhodopsin', 'Transducin', 'Animals', 'Conditioning, Psychological', 'Dopamine', 'Drosophila Proteins', 'Drosophila melanogaster', 'Electric Stimulation', 'Female', 'GABAergic Neurons', 'Learning', 'Olfactory Pathways', 'Receptors, Dopamine D2', 'Smell', 'Synapses', 'Animals', 'Enzyme Inhibitors', 'Female', 'Hyperalgesia', 'Imidazoles', 'Interferon Regulatory Factors', 'Male', 'Microglia', 'Minocycline', 'Neurons', 'Pain', 'Pain Threshold', 'Pyridines', 'Rats', 'Rats, Sprague-Dawley', 'Receptors, Cell Surface', 'Sex Factors', 'Spinal Cord', 'Animals', 'Corpus Striatum', 'Female', 'Humans', 'Ligands', 'Mice', 'Mice, Inbred C57BL', 'Neurodegenerative Diseases', 'Neuroprotective Agents', 'Parkinsonian Disorders', 'Purines', 'Receptors, GABA', 'Action Potentials', 'Adult', 'Axons', 'Cell Line', 'Cells, Cultured', 'Female', 'Humans', 'Induced Pluripotent Stem Cells', 'Male', 'Mutation', 'NAV1.7 Voltage-Gated Sodium Channel', 'Nociception', 'Nociceptors', 'Pain Insensitivity, Congenital', ""Ranvier's Nodes"", 'Sodium Channel Blockers', 'Adaptation, Physiological', 'Animals', 'Ataxia', 'Cerebellum', 'Cerebral Cortex', 'Gait', 'Gait Analysis', 'Locomotion', 'Mice', 'Mice, Inbred Strains', 'Mice, Neurologic Mutants', 'Purkinje Cells', 'Sensorimotor Cortex', 'Spatial Learning', 'Time Factors', 'Animals', 'Body Patterning', 'Bone Morphogenetic Protein 4', 'Epidermal Cells', 'Keratinocytes', 'Keratins', 'Merkel Cells', 'Mice', 'Peripheral Nerves', 'Skin', 'Animals', 'Attention', 'Macaca', 'Optogenetics', 'Perception', 'Photic Stimulation', 'Visual Cortex', 'Action Potentials', 'Animals', 'Electroencephalography', 'Epilepsy', 'Hippocampus', 'Memory', 'Nerve Net', 'Rats', 'Animals', 'Cell Differentiation', 'Drosophila', 'Drosophila Proteins', 'ErbB Receptors', 'Gene Expression Regulation, Developmental', 'Neuroepithelial Cells', 'Neurons', 'Optic Lobe, Nonmammalian', 'Receptors, Invertebrate Peptide', 'Signal Transduction', 'Animals', 'Cells, Cultured', 'Gene Expression Regulation', 'Lung', 'Lysophospholipids', 'Male', 'Mice', 'Mice, Inbred C57BL', 'Mice, Knockout', 'RNA, Messenger', 'Reverse Transcriptase Polymerase Chain Reaction', 'Sensory Receptor Cells', 'Sphingosine', 'Sphingosine-1-Phosphate Receptors', 'Vagus Nerve', 'Brain', 'Electromyography', 'Humans', 'Muscles', 'Recruitment, Neurophysiological', 'Resistance Training', 'Female', 'Humans', 'Male', 'Memory Disorders', 'Mental Recall', 'Middle Aged', 'Temporal Lobe', 'Animals', 'Calcium Channels', 'Disease Models, Animal', 'Early Growth Response Protein 1', 'Epilepsy, Temporal Lobe', 'Hippocampus', 'Humans', 'Kainic Acid', 'Male', 'Mice', 'Nerve Net', 'Pilocarpine', 'Seizures', 'Status Epilepticus', 'Adult', 'Alpha Rhythm', 'Beta Rhythm', 'Brain', 'Electroencephalography', 'Female', 'Humans', 'Magnetoencephalography', 'Male', 'Motor Activity', 'Neurons', 'Time Perception', 'Young Adult']"
The proneural wave in the ,"In living organisms, self-organised waves of signalling activity propagate spatiotemporal information within tissues. During the development of the largest component of the visual processing centre of the ",10.7554/eLife.40919,"['David J Jörg', 'Elizabeth E Caygill', 'Anna E Hakes', 'Esteban G Contreras', 'Andrea H Brand', 'Benjamin D Simons']",2019-Feb,eLife,"['Animals', 'Electroencephalography', 'Geniculate Bodies', 'Linear Models', 'Mice', 'Neurons', 'Photic Stimulation', 'Retinal Ganglion Cells', 'Vision, Ocular', 'Visual Pathways', 'Fetus', 'Gene Expression Regulation', 'Genome-Wide Association Study', 'Humans', 'Mental Disorders', 'Psychiatry', 'Humans', 'Stress Disorders, Post-Traumatic', 'Humans', 'Microglia', 'Neuronal Plasticity', 'Schizophrenia', 'Synapses', 'Cell Line, Tumor', 'Epidermal Growth Factor', 'ErbB Receptors', 'Fluorescence', 'Fluorescent Dyes', 'Humans', 'Imaging, Three-Dimensional', 'Microscopy, Fluorescence', 'Quantum Dots', 'Single-Cell Analysis', 'Triple Negative Breast Neoplasms', 'Amino Acid Motifs', 'Animals', 'Cyclic GMP', 'GTP-Binding Protein alpha Subunits', 'Light Signal Transduction', 'Mice, Transgenic', 'Mutation', 'Phosphoric Diester Hydrolases', 'Photons', 'Retinal Rod Photoreceptor Cells', 'Rhodopsin', 'Transducin', 'Animals', 'Conditioning, Psychological', 'Dopamine', 'Drosophila Proteins', 'Drosophila melanogaster', 'Electric Stimulation', 'Female', 'GABAergic Neurons', 'Learning', 'Olfactory Pathways', 'Receptors, Dopamine D2', 'Smell', 'Synapses', 'Animals', 'Enzyme Inhibitors', 'Female', 'Hyperalgesia', 'Imidazoles', 'Interferon Regulatory Factors', 'Male', 'Microglia', 'Minocycline', 'Neurons', 'Pain', 'Pain Threshold', 'Pyridines', 'Rats', 'Rats, Sprague-Dawley', 'Receptors, Cell Surface', 'Sex Factors', 'Spinal Cord', 'Animals', 'Corpus Striatum', 'Female', 'Humans', 'Ligands', 'Mice', 'Mice, Inbred C57BL', 'Neurodegenerative Diseases', 'Neuroprotective Agents', 'Parkinsonian Disorders', 'Purines', 'Receptors, GABA', 'Action Potentials', 'Adult', 'Axons', 'Cell Line', 'Cells, Cultured', 'Female', 'Humans', 'Induced Pluripotent Stem Cells', 'Male', 'Mutation', 'NAV1.7 Voltage-Gated Sodium Channel', 'Nociception', 'Nociceptors', 'Pain Insensitivity, Congenital', ""Ranvier's Nodes"", 'Sodium Channel Blockers', 'Adaptation, Physiological', 'Animals', 'Ataxia', 'Cerebellum', 'Cerebral Cortex', 'Gait', 'Gait Analysis', 'Locomotion', 'Mice', 'Mice, Inbred Strains', 'Mice, Neurologic Mutants', 'Purkinje Cells', 'Sensorimotor Cortex', 'Spatial Learning', 'Time Factors', 'Animals', 'Body Patterning', 'Bone Morphogenetic Protein 4', 'Epidermal Cells', 'Keratinocytes', 'Keratins', 'Merkel Cells', 'Mice', 'Peripheral Nerves', 'Skin', 'Animals', 'Attention', 'Macaca', 'Optogenetics', 'Perception', 'Photic Stimulation', 'Visual Cortex', 'Action Potentials', 'Animals', 'Electroencephalography', 'Epilepsy', 'Hippocampus', 'Memory', 'Nerve Net', 'Rats', 'Animals', 'Cell Differentiation', 'Drosophila', 'Drosophila Proteins', 'ErbB Receptors', 'Gene Expression Regulation, Developmental', 'Neuroepithelial Cells', 'Neurons', 'Optic Lobe, Nonmammalian', 'Receptors, Invertebrate Peptide', 'Signal Transduction', 'Animals', 'Cells, Cultured', 'Gene Expression Regulation', 'Lung', 'Lysophospholipids', 'Male', 'Mice', 'Mice, Inbred C57BL', 'Mice, Knockout', 'RNA, Messenger', 'Reverse Transcriptase Polymerase Chain Reaction', 'Sensory Receptor Cells', 'Sphingosine', 'Sphingosine-1-Phosphate Receptors', 'Vagus Nerve', 'Brain', 'Electromyography', 'Humans', 'Muscles', 'Recruitment, Neurophysiological', 'Resistance Training', 'Female', 'Humans', 'Male', 'Memory Disorders', 'Mental Recall', 'Middle Aged', 'Temporal Lobe', 'Animals', 'Calcium Channels', 'Disease Models, Animal', 'Early Growth Response Protein 1', 'Epilepsy, Temporal Lobe', 'Hippocampus', 'Humans', 'Kainic Acid', 'Male', 'Mice', 'Nerve Net', 'Pilocarpine', 'Seizures', 'Status Epilepticus', 'Adult', 'Alpha Rhythm', 'Beta Rhythm', 'Brain', 'Electroencephalography', 'Female', 'Humans', 'Magnetoencephalography', 'Male', 'Motor Activity', 'Neurons', 'Time Perception', 'Young Adult']"
The nature of recollection across months and years and after medial temporal lobe damage.,"We studied the narrative recollections of memory-impaired patients with medial temporal lobe (MTL) damage who took a 25-min guided walk during which 11 planned events occurred. The recollections of the patients, recorded directly after the walk, were compared with the recollections of controls tested directly after the walk (C1), after one month (C2), or after 2.6 years (C3). With respect to memory for the walk, the narrative recollections of the patients were impoverished compared with C1 but resembled the recollections of volunteers tested after long delays (C2 and C3). In addition, how language was used by the patients in their recollections resembled how language was used by groups C2 and C3 (higher-frequency words, less concrete words, fewer nouns, more adverbs, more pronouns, and more indefinite articles). These findings appear to reflect how individuals, either memory-impaired patients or controls, typically speak about the past when memory is weak and lacks detail and need not have special implications about language use and MTL function beyond the domain of memory. A notable exception to the similarity between patient narratives and the narratives of C2 and C3 was that the control groups reported the events of the walk in correct chronological order, whereas the order in which patients reported events bore no relationship to the order in which events occurred. We suggest that the MTL is especially important for accessing global information about events and the relationships among their elements.",10.1073/pnas.1820765116,"['Nadine C Heyworth', 'Larry R Squire']",2019-Mar,Proceedings of the National Academy of Sciences of the United States of America,"['Animals', 'Electroencephalography', 'Geniculate Bodies', 'Linear Models', 'Mice', 'Neurons', 'Photic Stimulation', 'Retinal Ganglion Cells', 'Vision, Ocular', 'Visual Pathways', 'Fetus', 'Gene Expression Regulation', 'Genome-Wide Association Study', 'Humans', 'Mental Disorders', 'Psychiatry', 'Humans', 'Stress Disorders, Post-Traumatic', 'Humans', 'Microglia', 'Neuronal Plasticity', 'Schizophrenia', 'Synapses', 'Cell Line, Tumor', 'Epidermal Growth Factor', 'ErbB Receptors', 'Fluorescence', 'Fluorescent Dyes', 'Humans', 'Imaging, Three-Dimensional', 'Microscopy, Fluorescence', 'Quantum Dots', 'Single-Cell Analysis', 'Triple Negative Breast Neoplasms', 'Amino Acid Motifs', 'Animals', 'Cyclic GMP', 'GTP-Binding Protein alpha Subunits', 'Light Signal Transduction', 'Mice, Transgenic', 'Mutation', 'Phosphoric Diester Hydrolases', 'Photons', 'Retinal Rod Photoreceptor Cells', 'Rhodopsin', 'Transducin', 'Animals', 'Conditioning, Psychological', 'Dopamine', 'Drosophila Proteins', 'Drosophila melanogaster', 'Electric Stimulation', 'Female', 'GABAergic Neurons', 'Learning', 'Olfactory Pathways', 'Receptors, Dopamine D2', 'Smell', 'Synapses', 'Animals', 'Enzyme Inhibitors', 'Female', 'Hyperalgesia', 'Imidazoles', 'Interferon Regulatory Factors', 'Male', 'Microglia', 'Minocycline', 'Neurons', 'Pain', 'Pain Threshold', 'Pyridines', 'Rats', 'Rats, Sprague-Dawley', 'Receptors, Cell Surface', 'Sex Factors', 'Spinal Cord', 'Animals', 'Corpus Striatum', 'Female', 'Humans', 'Ligands', 'Mice', 'Mice, Inbred C57BL', 'Neurodegenerative Diseases', 'Neuroprotective Agents', 'Parkinsonian Disorders', 'Purines', 'Receptors, GABA', 'Action Potentials', 'Adult', 'Axons', 'Cell Line', 'Cells, Cultured', 'Female', 'Humans', 'Induced Pluripotent Stem Cells', 'Male', 'Mutation', 'NAV1.7 Voltage-Gated Sodium Channel', 'Nociception', 'Nociceptors', 'Pain Insensitivity, Congenital', ""Ranvier's Nodes"", 'Sodium Channel Blockers', 'Adaptation, Physiological', 'Animals', 'Ataxia', 'Cerebellum', 'Cerebral Cortex', 'Gait', 'Gait Analysis', 'Locomotion', 'Mice', 'Mice, Inbred Strains', 'Mice, Neurologic Mutants', 'Purkinje Cells', 'Sensorimotor Cortex', 'Spatial Learning', 'Time Factors', 'Animals', 'Body Patterning', 'Bone Morphogenetic Protein 4', 'Epidermal Cells', 'Keratinocytes', 'Keratins', 'Merkel Cells', 'Mice', 'Peripheral Nerves', 'Skin', 'Animals', 'Attention', 'Macaca', 'Optogenetics', 'Perception', 'Photic Stimulation', 'Visual Cortex', 'Action Potentials', 'Animals', 'Electroencephalography', 'Epilepsy', 'Hippocampus', 'Memory', 'Nerve Net', 'Rats', 'Animals', 'Cell Differentiation', 'Drosophila', 'Drosophila Proteins', 'ErbB Receptors', 'Gene Expression Regulation, Developmental', 'Neuroepithelial Cells', 'Neurons', 'Optic Lobe, Nonmammalian', 'Receptors, Invertebrate Peptide', 'Signal Transduction', 'Animals', 'Cells, Cultured', 'Gene Expression Regulation', 'Lung', 'Lysophospholipids', 'Male', 'Mice', 'Mice, Inbred C57BL', 'Mice, Knockout', 'RNA, Messenger', 'Reverse Transcriptase Polymerase Chain Reaction', 'Sensory Receptor Cells', 'Sphingosine', 'Sphingosine-1-Phosphate Receptors', 'Vagus Nerve', 'Brain', 'Electromyography', 'Humans', 'Muscles', 'Recruitment, Neurophysiological', 'Resistance Training', 'Female', 'Humans', 'Male', 'Memory Disorders', 'Mental Recall', 'Middle Aged', 'Temporal Lobe', 'Animals', 'Calcium Channels', 'Disease Models, Animal', 'Early Growth Response Protein 1', 'Epilepsy, Temporal Lobe', 'Hippocampus', 'Humans', 'Kainic Acid', 'Male', 'Mice', 'Nerve Net', 'Pilocarpine', 'Seizures', 'Status Epilepticus', 'Adult', 'Alpha Rhythm', 'Beta Rhythm', 'Brain', 'Electroencephalography', 'Female', 'Humans', 'Magnetoencephalography', 'Male', 'Motor Activity', 'Neurons', 'Time Perception', 'Young Adult']"
