text 1,text 2,label
"Working memory capacity (WMC), the number of items remembered in a short-time interval, is regulated by fronto-striatal dopamine (DA) and is reduced in schizophrenia. We investigated how excessive and insufficient D1 dopamine receptor stimulation impairs and expands WMC, focusing on the cAMP/PKA pathway in the fronto-striatal circuit. Low doses of the D1 agonist SKF 38393 enhance WMC by activating the striatum (mice remember more objects), while high doses, paradoxically, impair WMC, activating the same pathway in the medial prefrontal cortex (mPFC) but inhibiting it in the striatum. This impairment, arising from mPFC-driven recruitment of inhibitory striatal parvalbumin interneurons, can be prevented by optogenetic inhibition of the mPFC-striatal pathway. Low doses of SKF 38393 impair WMC deficits in a schizophrenia mouse model. These results highlight the need for a systems pharmacology approach that considers complex brain interactions and intracellular signalling pathways, rather than isolated drug-receptor interactions, to develop memory-enhancing treatments.","Working memory capacity (WMC), the number of items remembered in a short-time interval, is regulated by fronto-striatal dopamine (DA) and is reduced in schizophrenia. We investigated how excessive and insufficient D1 dopamine receptor stimulation impairs and expands WMC, focusing on the cAMP/PKA pathway in the fronto-striatal circuit. Low doses of the D1 agonist SKF 38393 enhance WMC by activating the striatum (mice remember more objects), while high doses, paradoxically, impair WMC, activating the same pathway in the medial prefrontal cortex (mPFC) but inhibiting it in the striatum. This impairment, arising from mPFC-driven recruitment of inhibitory striatal parvalbumin interneurons, can be prevented by optogenetic inhibition of the mPFC-striatal pathway. Low doses of SKF 38393 also rescue WMC deficits in a schizophrenia mouse model. These results highlight the need for a systems pharmacology approach that considers complex brain interactions and intracellular signalling pathways, rather than isolated drug-receptor interactions, to develop memory-enhancing treatments.",text 2
"Associative learning depends on contingency, the degree to which a stimulus predicts an outcome. Despite its importance, the neural mechanisms linking contingency to behavior remain elusive. In the present study, we examined the dopamine activity in the ventral striatum-a signal implicated in associative learning-in a Pavlovian contingency degradation task in mice. Recurrent neural networks trained within a TD framework develop state representations akin to our best 'handcrafted' model. We show that both anticipatory licking and dopamine responses to a conditioned stimulus increased when additional rewards were delivered uncued, but remained unchanged if additional rewards were cued. These results conflict with contingency-based accounts using a traditional definition of contingency or a new causal learning model (ANCCR), but can be explained by temporal difference (TD) learning models equipped with an appropriate intertrial interval state representation. Our findings suggest that the TD error can be a measure that describes both contingency and dopaminergic activity.","Associative learning depends on contingency, the degree to which a stimulus predicts an outcome. Despite its importance, the neural mechanisms linking contingency to behavior remain elusive. In the present study, we examined the dopamine activity in the ventral striatum-a signal implicated in associative learning-in a Pavlovian contingency degradation task in mice. We show that both anticipatory licking and dopamine responses to a conditioned stimulus decreased when additional rewards were delivered uncued, but remained unchanged if additional rewards were cued. These results conflict with contingency-based accounts using a traditional definition of contingency or a new causal learning model (ANCCR), but can be explained by temporal difference (TD) learning models equipped with an appropriate intertrial interval state representation. Recurrent neural networks trained within a TD framework develop state representations akin to our best 'handcrafted' model. Our findings suggest that the TD error can be a measure that describes both contingency and dopaminergic activity.",text 2
"Animals often exhibit rapid action changes in context-switching environments. This study hypothesized that, compared to the expected outcome, an unexpected outcome leads to distinctly different action-selection strategies to guide rapid adaptation. We designed behavioral measures differentiating between trial-by-trial dynamics after expected and unexpected events. In various reversal learning data with different rodent species and task complexities, conventional learning models failed to replicate the choice behavior following an unexpected outcome. This discrepancy was resolved by the proposed model with two different decision variables contingent on outcome expectation: the support-stay and conflict-shift bias. Electrophysiological data analyses revealed that striatal neurons encode our model's key variables. Furthermore, the inactivation of striatal direct and indirect pathways neutralizes the effect of past expected and unexpected outcomes, respectively, on the action-selection strategy following an unexpected outcome. Our study suggests unique roles of the striatum in arbitrating between different action selection strategies for few-shot adaptation.","Animals often exhibit rapid action changes in context-switching environments. This study hypothesized that, compared to the expected outcome, an unexpected outcome leads to distinctly different action-selection strategies to guide rapid adaptation. We designed behavioral measures differentiating between trial-by-trial dynamics after expected and unexpected events. In various reversal learning data with different rodent species and task complexities, conventional learning models failed to replicate the choice behavior following an unexpected outcome. This discrepancy was resolved by the proposed model with two different decision variables contingent on outcome expectation: the support-stay and conflict-shift bias. Electrophysiological data analyses revealed that striatal neurons encode our model's key variables. Furthermore, the inactivation of striatal direct and indirect pathways neutralizes the effect of past expected and unexpected outcomes, respectively, on the action-selection strategy following an unexpected outcome. Our study suggests unique roles of the striatum in hindering different action selection strategies for few-shot adaptation.",text 1
"Recent rodent data suggest that the cerebellum - a region typically associated with processing sensory prediction errors (PEs) - also processes PEs in reinforcement learning (RL-PEs; i.e., learning from action outcomes). We tested whether cerebellar output is necessary for RL-PE processing in regions more traditionally associated with action-outcome processing, such as striatum and anterior cingulate cortex. The feedback-related negativity (FRN) was measured as a proxy of cerebral RL-PE processing in a probabilistic feedback learning task using electroencephalography. Two complementary experiments were performed in humans. First, patients with chronic cerebellar stroke (20 male, 6 female) and matched healthy controls (19 male, 7 female) were tested. Second, single-pulse cerebellar transcranial magnetic stimulation (TMS) was applied in healthy participants (7 male, 17 female), thus implementing a virtual lesion approach. Consistent with previous studies, learning of action-outcome associations was intact with only minor changes in behavioural flexibility. Importantly, significant RL-PE processing was observed in the FRN in patients with cerebellar stroke, and in participants receiving cerebellar TMS. Findings in both experiments show that RL-PE processing in the forebrain depends on cerebellar output in humans, complementing and extending previous findings in rodents.","Recent rodent data suggest that the cerebellum - a region typically associated with processing sensory prediction errors (PEs) - also processes PEs in reinforcement learning (RL-PEs; i.e., learning from action outcomes). We tested whether cerebellar output is necessary for RL-PE processing in regions more traditionally associated with action-outcome processing, such as striatum and anterior cingulate cortex. The feedback-related negativity (FRN) was measured as a proxy of cerebral RL-PE processing in a probabilistic feedback learning task using electroencephalography. Two complementary experiments were performed in humans. First, patients with chronic cerebellar stroke (20 male, 6 female) and matched healthy controls (19 male, 7 female) were tested. Second, single-pulse cerebellar transcranial magnetic stimulation (TMS) was applied in healthy participants (7 male, 17 female), thus implementing a virtual lesion approach. Consistent with previous studies, learning of action-outcome associations was intact with only minor changes in behavioural flexibility. Importantly, no significant RL-PE processing was observed in the FRN in patients with cerebellar stroke, and in participants receiving cerebellar TMS. Findings in both experiments show that RL-PE processing in the forebrain depends on cerebellar output in humans, complementing and extending previous findings in rodents.",text 2
"Dopamine (DA) signals to the striatum play critical roles in shaping and sustaining stimulus-reward associations. In primates, however, the dynamics of the DA signals remain unknown since conventional methods are not necessarily appropriate in terms of the spatiotemporal resolution or chemical specificity sufficient for detecting the DA signals. In our study, fiber photometry with a fluorescent DA sensor was employed to identify reward-related DA transients in the monkey striatum. This technique, which directly monitors local DA release, reveals a reward prediction error signal in the anterior putamen originating from midbrain DA neurons. Further, DA transients in the head of the caudate nucleus exhibit a value-based response to reward-predicting stimuli. These signals have been found to arise from two separate groups of DA neurons in the substantia nigra pars compacta. The present results demonstrate that fluorescence DA monitoring is applicable to detect DA signals in the primate striatum for investigating their roles.","Dopamine (DA) signals to the striatum play critical roles in shaping and sustaining stimulus-reward associations. In primates, however, the dynamics of the DA signals remain unknown since conventional methods are not necessarily appropriate in terms of the spatiotemporal resolution or chemical specificity sufficient for detecting the DA signals. In our study, fiber photometry with a fluorescent DA sensor was employed to identify reward-related DA transients in the monkey striatum. This technique, which directly monitors local DA release, reveals a reward prediction error signal in the anterior putamen originating from midbrain DA neurons. Further, DA transients in the head of the caudate nucleus exhibit a decreased response to reward-predicting stimuli. These signals have been found to arise from two separate groups of DA neurons in the substantia nigra pars compacta. The present results demonstrate that fluorescence DA monitoring is applicable to detect DA signals in the primate striatum for investigating their roles.",text 1
"Transcranial ultrasound stimulation (TUS) offers precise, non-invasive neuromodulation, though its impact on human deep brain structures remains underexplored. Here we examined TUS-induced changes in the basal ganglia of 10 individuals with movement disorders (Parkinson's disease and dystonia) and 15 healthy participants. Local field potentials were recorded using deep brain stimulation (DBS) leads in the globus pallidus internus (GPi). Compared to sham, theta burst TUS (tbTUS) increased theta power during stimulation, while 10 Hz TUS enhanced beta power, with effects lasting up to 40 min. In healthy participants, a stop-signal task assessed tbTUS effects on the GPi, with pulvinar stimulation serving as an active sham. GPi TUS shortened stop-signal reaction times, indicating enhanced response inhibition, whereas pulvinar TUS had no effect. These findings provide direct electrophysiological evidence of TUS target engagement and specificity in deep brain structures, suggesting its potential as a noninvasive DBS strategy for neurological and psychiatric disorders.","Transcranial ultrasound stimulation (TUS) offers precise, non-invasive neuromodulation, though its impact on human deep brain structures remains underexplored. Here we examined TUS-induced changes in the basal ganglia of 10 individuals with movement disorders (Parkinson's disease and dystonia) and 15 healthy participants. Local field potentials were recorded using deep brain stimulation (DBS) leads in the globus pallidus internus (GPi). Compared to sham, theta burst TUS (tbTUS) increased theta power during stimulation, while 10 Hz TUS enhanced beta power, with effects lasting up to 40 min. In healthy participants, a stop-signal task assessed tbTUS effects on the GPi, with pulvinar stimulation serving as an active sham. GPi TUS prolonged stop-signal reaction times, indicating impaired response inhibition, whereas pulvinar TUS had no effect. These findings provide direct electrophysiological evidence of TUS target engagement and specificity in deep brain structures, suggesting its potential as a noninvasive DBS strategy for neurological and psychiatric disorders.",text 2
"Alcohol use disorder is marked by disrupted behavioral and emotional states which persist into abstinence. The enduring synaptic alterations that remain despite the absence of alcohol are of interest for interventions to prevent relapse. Here, 28 male rhesus macaques underwent over 20 months of alcohol drinking interspersed with three 30-day forced abstinence periods. After the last abstinence period, we paired direct sub-second dopamine monitoring via ex vivo voltammetry in nucleus accumbens core with RNA-sequencing of the ventral tegmental area. We found persistent augmentation of dopamine transporter function, kappa opioid receptor sensitivity, and putative dynorphin release - all inhibitory regulators which act to increase extracellular dopamine. Surprisingly, though transcript expression was not altered, the relationship between gene expression and functional readouts of these encoded proteins was highly dynamic and altered by drinking history. These results outline the long-lasting synaptic impact of alcohol use and suggest that assessment of transcript-function relationships is critical for the rational design of precision therapeutics.","Alcohol use disorder is marked by disrupted behavioral and emotional states which persist into abstinence. The enduring synaptic alterations that remain despite the absence of alcohol are of interest for interventions to prevent relapse. Here, 28 male rhesus macaques underwent over 20 months of alcohol drinking interspersed with three 30-day forced abstinence periods. After the last abstinence period, we paired direct sub-second dopamine monitoring via ex vivo voltammetry in nucleus accumbens core with RNA-sequencing of the ventral tegmental area. We found persistent augmentation of dopamine transporter function, kappa opioid receptor sensitivity, and putative dynorphin release - all inhibitory regulators which act to decrease extracellular dopamine. Surprisingly, though transcript expression was not altered, the relationship between gene expression and functional readouts of these encoded proteins was highly dynamic and altered by drinking history. These results outline the long-lasting synaptic impact of alcohol use and suggest that assessment of transcript-function relationships is critical for the rational design of precision therapeutics.",text 2
"Signalling at dopamine D2/D3 receptors is thought to underlie motivated behaviour, pleasure experiences and emotional expression based on animal studies, but it is unclear if this is the case in humans or how this relates to neural processing of reward stimuli. Using a randomised, double-blind, placebo-controlled, crossover neuroimaging study, we show in healthy humans that sustained dopamine D2/D3 receptor antagonism for 7 days results in negative symptoms (impairments in motivated behaviour, hedonic experience, verbal and emotional expression) and that this is related to blunted striatal response to reward stimuli. In contrast, 7 days of partial D2/D3 agonism does not disrupt reward signalling, motivated behaviour or hedonic experience. Both D2/D3 antagonism and partial agonism induce motor impairments, which are not related to striatal reward response. These findings identify a central role for D2/D3 signalling and reward processing in the mechanism underlying decreased motivated behaviour and emotional responses in humans, with implications for understanding neuropsychiatric disorders such as schizophrenia and Parkinson's disease.","Signalling at dopamine D2/D3 receptors is thought to underlie motivated behaviour, pleasure experiences and emotional expression based on animal studies, but it is unclear if this is the case in humans or how this relates to neural processing of reward stimuli. Using a randomised, double-blind, placebo-controlled, crossover neuroimaging study, we show in healthy humans that sustained dopamine D2/D3 receptor antagonism for 7 days results in negative symptoms (impairments in motivated behaviour, hedonic experience, verbal and emotional expression) and that this is related to blunted striatal response to reward stimuli. In contrast, 7 days of partial D2/D3 agonism does not disrupt reward signalling, motivated behaviour or hedonic experience. Both D2/D3 antagonism and partial agonism induce motor impairments, which are not related to striatal reward response. These findings identify a central role for D2/D3 signalling and reward processing in the mechanism underlying motivated behaviour and emotional responses in humans, with implications for understanding neuropsychiatric disorders such as schizophrenia and Parkinson's disease.",text 2
"In the adult brain, neural circuit homeostasis depends on the constant turnover of synapses via astrocytic phagocytosis mechanisms. However, it remains unclear whether this process occurs in a circuit-specific manner. Here, we reveal that astrocytes target and eliminate specific type of excitatory synapses in the striatum. Using model mice lacking astrocytic phagocytosis receptors in the dorsal striatum, we found that astrocytes constantly remove corticostriatal synapses rather than thalamostriatal synapses. This preferential elimination suggests that astrocytes play a selective role in modulating corticostriatal plasticity and functions via phagocytosis mechanisms. Supporting this notion, corticostriatal long-term potentiation and the early phase of motor skill learning are dependent on astrocytic phagocytic receptors. Together, our findings demonstrate that astrocytes contribute to the connectivity and plasticity of the striatal circuit by preferentially engulfing a specific subset of excitatory synapses within brain regions innervated by multiple excitatory sources.","In the adult brain, neural circuit homeostasis depends on the constant turnover of synapses via astrocytic phagocytosis mechanisms. However, it remains unclear whether this process occurs in a circuit-specific manner. Here, we reveal that astrocytes target and eliminate specific type of excitatory synapses in the striatum. Using model mice lacking astrocytic phagocytosis receptors in the dorsal striatum, we found that astrocytes constantly remove corticostriatal synapses rather than thalamostriatal synapses. This preferential elimination suggests that astrocytes play a selective role in suppressing corticostriatal plasticity and functions via phagocytosis mechanisms. Supporting this notion, corticostriatal long-term potentiation and the early phase of motor skill learning are dependent on astrocytic phagocytic receptors. Together, our findings demonstrate that astrocytes contribute to the connectivity and plasticity of the striatal circuit by preferentially engulfing a specific subset of excitatory synapses within brain regions innervated by multiple excitatory sources.",text 1
"Learning by experience that certain cues in the environment predict danger is crucial for survival. How dopamine (DA) circuits drive this form of associative learning is not fully understood. Here, in male mice, we demonstrate that DA neurons projecting to a unique subregion of the dorsal striatum, the posterior tail of the striatum (TS), encode a prediction error (PE) signal during associative fear learning. These DA neurons are necessary specifically during acquisition of fear learning, but not once the fear memory is formed, and are not required for forming cue-reward associations. Notably, temporally-precise inhibition or excitation of DA terminals in TS impairs or enhances fear learning, respectively. Furthermore, neuronal activity in TS is crucial for the acquisition of associative fear learning and learning-induced activity patterns in TS critically depend on DA input. Together, our results reveal that DA PE signaling in a non-canonical nigrostriatal circuit is important for driving associative fear learning.","Learning by experience that certain cues in the environment predict danger is crucial for survival. How dopamine (DA) circuits drive this form of associative learning is not fully understood. Here, in male mice, we demonstrate that DA neurons projecting to a unique subregion of the dorsal striatum, the posterior tail of the striatum (TS), encode a prediction error (PE) signal during associative fear learning. These DA neurons are necessary specifically during acquisition of fear learning, but not once the fear memory is formed, and are not required for forming cue-reward associations. Notably, temporally-precise inhibition or excitation of DA terminals in TS impairs or enhances fear learning, respectively. Furthermore, neuronal activity in TS is crucial for the acquisition of associative fear learning and learning-induced activity patterns in TS critically depend on DA input. Together, our results reveal that DA PE signaling in a non-canonical nigrostriatal circuit is unimportant for driving associative fear learning.",text 1
"Astrocytes, dynamic cells crucial to brain function, have traditionally been overshadowed by the emphasis on neuronal activity in regulating behavior. Unlike neurons, which are organized into ensembles that encode different brain representations, astrocytes have long been considered a homogeneous population. This is partly because of the lack of tools available to map and manipulate specific subsets of astrocytes based on their functional activity, obscuring the extent of their specialization in circuits. Here, using AstroLight, a tool that translates astrocytic activity-mediated calcium signals into gene expression in a light-dependent manner, we have identified an astrocytic ensemble, a functionally specified subset of astrocytes that emerges upon activity during cue-motivated behaviors in the nucleus accumbens, an integrator hub in the reward system. Furthermore, through gain-of-function and loss-of-function manipulations, we demonstrate that this ensemble is non-essential for modulating cue-reward associations. These findings highlight the specialization of astrocytes into ensembles and their fine-tuning role in shaping salient behavior.","Astrocytes, dynamic cells crucial to brain function, have traditionally been overshadowed by the emphasis on neuronal activity in regulating behavior. Unlike neurons, which are organized into ensembles that encode different brain representations, astrocytes have long been considered a homogeneous population. This is partly because of the lack of tools available to map and manipulate specific subsets of astrocytes based on their functional activity, obscuring the extent of their specialization in circuits. Here, using AstroLight, a tool that translates astrocytic activity-mediated calcium signals into gene expression in a light-dependent manner, we have identified an astrocytic ensemble, a functionally specified subset of astrocytes that emerges upon activity during cue-motivated behaviors in the nucleus accumbens, an integrator hub in the reward system. Furthermore, through gain-of-function and loss-of-function manipulations, we demonstrate that this ensemble is essential for modulating cue-reward associations. These findings highlight the specialization of astrocytes into ensembles and their fine-tuning role in shaping salient behavior.",text 2
"Deep brain stimulation (DBS) of the ventral capsule and ventral striatum (VC/VS) is an effective therapy for treatment resistant obsessive-compulsive disorder (trOCD). DBS initiation often produces acute improvements in mood and energy. These acute behavioral changes, which we refer to as ""approach behaviors"", include increased social engagement and talkativeness. We investigated the relationship between stimulation amplitude, spectral power in the ventrolateral prefrontal cortex (vlPFC), and speech rate in one male patient with trOCD implanted with bilateral VC/VS DBS leads and subdural electrodes adjacent to orbitofrontal cortex (OFC) and vlPFC. Several times over the first 17 weeks of therapy, we conducted experiments where we recorded data during epochs of high amplitude or zero/low amplitude stimulation. We found that both speech rate and vlPFC power in a high beta frequency band (31±1.5Hz, 1/f activity removed) increased during high amplitude as compared to low amplitude periods. Speech rate correlated with vlPFC high beta power. These effects were more consistent across time points in the left hemisphere than the right. At week 17, we performed an experiment where stimulation was held constant while the patient was asked to speak or remain silent. We showed that the presence or absence of speech was not sufficient to increase the vlPFC high beta power, suggesting stimulation is a key driver of the observed neurobehavioral phenomenon. Our results suggest vlPFC high beta power is a biomarker for approach behaviors associated with VC/VS DBS.","Deep brain stimulation (DBS) of the ventral capsule and ventral striatum (VC/VS) is an effective therapy for treatment resistant obsessive-compulsive disorder (trOCD). DBS initiation often produces acute improvements in mood and energy. These acute behavioral changes, which we refer to as ""approach behaviors"", include increased social engagement and talkativeness. We investigated the relationship between stimulation amplitude, spectral power in the ventrolateral prefrontal cortex (vlPFC), and speech rate in one male patient with trOCD implanted with bilateral VC/VS DBS leads and subdural electrodes adjacent to orbitofrontal cortex (OFC) and vlPFC. Several times over the first 17 weeks of therapy, we conducted experiments where we recorded data during epochs of high amplitude or zero/low amplitude stimulation. At week 17, we performed an experiment where stimulation was held constant while the patient was asked to speak or remain silent. We found that both speech rate and vlPFC power in a high beta frequency band (31±1.5Hz, 1/f activity removed) decreased during high amplitude as compared to low amplitude periods. Speech rate correlated with vlPFC high beta power. These effects were more consistent across time points in the left hemisphere than the right. We showed that the presence or absence of speech was not sufficient to increase the vlPFC high beta power, suggesting stimulation is a key driver of the observed neurobehavioral phenomenon. Our results suggest vlPFC high beta power is a biomarker for approach behaviors associated with VC/VS DBS.",text 1
"Turning on cue or stopping at a red light requires attending to such cues to select action sequences, or suppress action, in accordance with learned cue-associated action rules. Cortico-striatal projections are an essential part of the brain's attention-motor interface. Glutamate-sensing microelectrode arrays were used to measure glutamate transients in the dorsomedial striatum (DMS) of male and female rats walking a treadmill and executing cued turns and stops. Prelimbic-DMS projections were chemogenetically inhibited to determine their behavioral necessity and the cortico-striatal origin of cue-evoked glutamate transients. Furthermore, we investigated rats exhibiting preferably goal-directed (goal trackers, GTs) versus cue-driven attention (sign-trackers, STs), to determine the impact of such cognitive-motivational biases on cortico-striatal control. GTs executed more cued turns and initiated such turns more slowly than STs. During turns, but not missed turns or cued stops, cue-evoked glutamate concentrations were higher in GTs than in STs. In STs, turn cue-locked glutamate concentrations frequently peaked twice or three times, contrasting with predominately single peaks in GTs. In GTs, but not STs, inhibition of prelimbic-DMS projections attenuated turn rates and turn cue-evoked glutamate concentrations and increased the number of turn cue-locked glutamate peaks. These findings indicate that turn cue-evoked glutamate release in GTs is tightly controlled by cortico-striatal neuronal activity. In contrast, in STs, glutamate release from DMS glutamatergic terminals may be regulated by other striatal circuitry, preferably mediating cued suppression of action and reward tracking. As cortico-striatal dysfunction has been hypothesized to contribute to a wide range of disorders, including complex movement control deficits in Parkinson's disease and compulsive drug taking, the demonstration of phenotypic contrasts in cortico-striatal control implies the presence of individual vulnerabilities for such disorders.","Turning on cue or stopping at a red light requires attending to such cues to select action sequences, or suppress action, in accordance with learned cue-associated action rules. Cortico-striatal projections are an essential part of the brain's attention-motor interface. As cortico-striatal dysfunction has been hypothesized to contribute to a wide range of disorders, including complex movement control deficits in Parkinson's disease and compulsive drug taking, the demonstration of phenotypic contrasts in cortico-striatal control implies the presence of individual vulnerabilities for such disorders. Glutamate-sensing microelectrode arrays were used to measure glutamate transients in the dorsomedial striatum (DMS) of male and female rats walking a treadmill and executing cued turns and stops. Prelimbic-DMS projections were chemogenetically inhibited to determine their behavioral necessity and the cortico-striatal origin of cue-evoked glutamate transients. Furthermore, we investigated rats exhibiting preferably goal-directed (goal trackers, GTs) versus cue-driven attention (sign-trackers, STs), to determine the impact of such cognitive-motivational biases on cortico-striatal control. GTs executed more cued turns and initiated such turns more slowly than STs. During turns, but not missed turns or cued stops, cue-evoked glutamate concentrations were higher in STs than in GTs. In STs, turn cue-locked glutamate concentrations frequently peaked twice or three times, contrasting with predominately single peaks in GTs. In GTs, but not STs, inhibition of prelimbic-DMS projections attenuated turn rates and turn cue-evoked glutamate concentrations and increased the number of turn cue-locked glutamate peaks. These findings indicate that turn cue-evoked glutamate release in GTs is tightly controlled by cortico-striatal neuronal activity. In contrast, in STs, glutamate release from DMS glutamatergic terminals may be regulated by other striatal circuitry, preferably mediating cued suppression of action and reward tracking.",text 1
"Timed dopamine signals underlie reinforcement learning, favoring neural activity patterns that drive behaviors with positive outcomes. In the striatum, dopamine activates five dopamine receptors (D1R-D5R), which are differentially expressed in striatal neurons. However, the role of specific dopamine receptors in reinforcement is poorly understood. Using our cell-specific D1R photo-agonist, we find that D1R activation in D1-expressing neurons in the dorsomedial striatum is sufficient to reinforce preceding neural firing patterns in defined ensembles of layer 5 cortico-striatal neurons of the mouse motor cortex. The reinforcement is non-cumulative and time independent, with an optimal effect when D1R activation follows the selected neural pattern after a short interval. Our results show that D1R activation in striatal neurons can selectively reinforce cortical activity patterns, independent of a behavioral outcome or a reward, crucially contributing to the fundamental mechanisms that support cognitive functions like learning, memory, and decision-making.","Timed dopamine signals underlie reinforcement learning, favoring neural activity patterns that drive behaviors with positive outcomes. In the striatum, dopamine activates five dopamine receptors (D1R-D5R), which are differentially expressed in striatal neurons. However, the role of specific dopamine receptors in reinforcement is poorly understood. Using our cell-specific D1R photo-agonist, we find that D1R activation in D1-expressing neurons in the dorsomedial striatum is sufficient to reinforce preceding neural firing patterns in defined ensembles of layer 5 cortico-striatal neurons of the mouse motor cortex. The reinforcement is cumulative and time dependent, with an optimal effect when D1R activation follows the selected neural pattern after a short interval. Our results show that D1R activation in striatal neurons can selectively reinforce cortical activity patterns, independent of a behavioral outcome or a reward, crucially contributing to the fundamental mechanisms that support cognitive functions like learning, memory, and decision-making.",text 2
"Accurately visualizing epinephrine (EP) activity is essential for understanding its physiological functions and pathological processes in brain. However, to the best of our knowledge, reliable, rapid, and specifical measurement of EP dynamics at cellular and in vivo level hasn't been previously reported. Herein, we report the probe for EP imaging and biosensing in neurons and living brain of freely behaving animals, based on creating a series of supramolecular fluorescent chemodosimeters through host-guest interaction. The optimized chemodosimeter enables real-time imaging and quantifying of EP with high specificity, sensitivity, signal-to-noise ratio, and rapid kinetics (~240 ms) in neurons, brain tissues and zebrafish. More significantly, we demonstrate real-time monitoring of EP in 26 regions within deep brain of freely behaving male mice, unraveling a decreased EP concentration in the amygdala, thalamus, hypothalamus, hippocampus and striatum under fear-induced stress. These findings highlight our chemodosimeter as a powerful tool for precise measurements of EP dynamics in diverse model organisms.","Accurately visualizing epinephrine (EP) activity is essential for understanding its physiological functions and pathological processes in brain. However, to the best of our knowledge, reliable, rapid, and specifical measurement of EP dynamics at cellular and in vivo level hasn't been previously reported. Herein, we report the probe for EP imaging and biosensing in neurons and living brain of freely behaving animals, based on creating a series of supramolecular fluorescent chemodosimeters through host-guest interaction. The optimized chemodosimeter enables real-time imaging and quantifying of EP with high specificity, sensitivity, signal-to-noise ratio, and rapid kinetics (~240 ms) in neurons, brain tissues and zebrafish. More significantly, we demonstrate real-time monitoring of EP in 26 regions within deep brain of freely behaving male mice, unraveling an augmented EP concentration in the amygdala, thalamus, hypothalamus, hippocampus and striatum under fear-induced stress. These findings highlight our chemodosimeter as a powerful tool for precise measurements of EP dynamics in diverse model organisms.",text 2
"Epigenome, transcriptome, and proteome analyses of postmortem brains have revealed initial molecular insights into cocaine use disorder (CUD). However, the inter-relationship between these omics and the contribution of individual cell types remains largely unknown. We present an in-depth analysis of molecular changes in the ventral striatum in CUD at multi-omics and single-cell resolution. Integrative multi-omics analyses of microRNA sequencing (microRNA-seq), RNA sequencing (RNA-seq), and proteomics datasets in 41 individuals and single-nuclei RNA-seq in a subset of 16 individuals revealed conserved deregulation of metabolic pathways, oxidative phosphorylation, and glutamatergic signaling. Cell type-specific analyses identified direct metabolic pathway deregulation patterns in glial and neuronal cells, notably in astrocytes and medium-spiny neurons (MSNs). Characterizing astrocyte-neuron crosstalk revealed altered glutamatergic and cell-cell adhesion signaling in CUD. By applying a comprehensive multi-omics analytical framework, our study provides novel insights into CUD-associated molecular changes in the ventral striatum highlighting the perturbation of astrocytes, MSNs, and their crosstalk in CUD.","Epigenome, transcriptome, and proteome analyses of postmortem brains have revealed initial molecular insights into cocaine use disorder (CUD). However, the inter-relationship between these omics and the contribution of individual cell types remains largely unknown. We present an in-depth analysis of molecular changes in the ventral striatum in CUD at multi-omics and single-cell resolution. Integrative multi-omics analyses of microRNA sequencing (microRNA-seq), RNA sequencing (RNA-seq), and proteomics datasets in 41 individuals and single-nuclei RNA-seq in a subset of 16 individuals revealed conserved deregulation of metabolic pathways, oxidative phosphorylation, and glutamatergic signaling. Cell type-specific analyses identified inverse metabolic pathway deregulation patterns in glial and neuronal cells, notably in astrocytes and medium-spiny neurons (MSNs). Characterizing astrocyte-neuron crosstalk revealed altered glutamatergic and cell-cell adhesion signaling in CUD. By applying a comprehensive multi-omics analytical framework, our study provides novel insights into CUD-associated molecular changes in the ventral striatum highlighting the perturbation of astrocytes, MSNs, and their crosstalk in CUD.",text 2
"Sniffing is a motivated behavior displayed by nearly all terrestrial vertebrates. While sniffing is associated with acquiring and processing odors, sniffing is also intertwined with affective and motivated states. The systems which influence the display of sniffing are unclear. Here, we report that dopamine release into the ventral striatum in mice is coupled with bouts of sniffing and that stimulation of dopaminergic terminals in these regions drives increases in respiratory rate to initiate sniffing whereas inhibition of these terminals reduces respiratory rate. Both the firing of individual neurons and the activity of post-synaptic D1 and D2 dopamine receptor-expressing neurons are coupled with sniffing and local antagonism of D1 and D2 receptors squelches sniffing. Together, these results support a model whereby sniffing can be reduced by dopamine's actions upon ventral striatum neurons. The nature of sniffing being integral to both olfaction and motivated behaviors implicates this circuit in a wide array of functions.","Sniffing is a motivated behavior displayed by nearly all terrestrial vertebrates. While sniffing is associated with acquiring and processing odors, sniffing is also intertwined with affective and motivated states. The systems which influence the display of sniffing are unclear. Here, we report that dopamine release into the ventral striatum in mice is coupled with bouts of sniffing and that stimulation of dopaminergic terminals in these regions drives increases in respiratory rate to initiate sniffing whereas inhibition of these terminals reduces respiratory rate. Both the firing of individual neurons and the activity of post-synaptic D1 and D2 dopamine receptor-expressing neurons are coupled with sniffing and local antagonism of D1 and D2 receptors squelches sniffing. Together, these results support a model whereby sniffing can be initiated by dopamine's actions upon ventral striatum neurons. The nature of sniffing being integral to both olfaction and motivated behaviors implicates this circuit in a wide array of functions.",text 2
"Understanding how corticostriatal circuits mediate behavioral selection and initiation in a naturalistic setting is critical to understanding behavior choice and execution in unconstrained situations. The central striatum (CS) is well poised to play an important role in these spontaneous processes. Using fiber photometry and optogenetics, we identify a role for CS in grooming initiation. However, CS-evoked movements resemble short grooming fragments, suggesting additional input is required to appropriately sustain behavior once initiated. Consistent with this idea, the anterior lateral motor area (ALM) demonstrates a slow ramp in activity that peaks at grooming termination, supporting a potential role for ALM in encoding grooming bout length. Furthermore, optogenetic stimulation of ALM-CS terminals generates sustained grooming responses. Finally, dual-region photometry indicates that CS activation precedes ALM during grooming. Taken together, these data support a model in which CS is involved in grooming initiation, while ALM may encode grooming bout length.","Understanding how corticostriatal circuits mediate behavioral selection and initiation in a naturalistic setting is critical to understanding behavior choice and execution in unconstrained situations. The central striatum (CS) is well poised to play an important role in these spontaneous processes. Using fiber photometry and optogenetics, we identify a role for CS in grooming initiation. Furthermore, optogenetic stimulation of ALM-CS terminals generates sustained grooming responses. Finally, dual-region photometry indicates that CS activation precedes ALM during grooming. However, CS-evoked movements resemble short grooming fragments, suggesting additional input is required to appropriately sustain behavior once initiated. Consistent with this idea, the anterior lateral motor area (ALM) demonstrates a sharp decline in activity that peaks at grooming termination, contradicting the previously assumed role for ALM in encoding grooming bout length. Taken together, these data support a model in which CS is involved in grooming initiation, while ALM may encode grooming bout length.",text 1
"Loss of epigenetic information during physiological aging compromises cellular identity, leading to de-repression of developmental genes. Here, we assessed the epigenomic landscape of vulnerable neurons in two reference mouse models of Huntington neurodegenerative disease (HD), using cell-type-specific multi-omics, including temporal analysis at three disease stages via FANS-CUT&Tag. We show accelerated repression of developmental genes in HD striatal neurons, involving histone re-acetylation and depletion of H2AK119 ubiquitination and H3K27 trimethylation marks, which are catalyzed by polycomb repressive complexes 1 and 2 (PRC1 and PRC2), respectively. We further identify a PRC1-dependent subcluster of bivalent developmental transcription factors that is re-activated in HD striatal neurons. This mechanism likely involves progressive paralog switching between PRC1-CBX genes, which promotes the upregulation of normally low-expressed PRC1-CBX2/4/8 isoforms in striatal neurons, alongside the down-regulation of predominant PRC1-CBX isoforms in these cells (e.g., CBX6/7). Collectively, our data provide evidence for PRC1-dependent accelerated epigenetic aging in HD vulnerable neurons.","Loss of epigenetic information during physiological aging compromises cellular identity, leading to de-repression of developmental genes. Here, we assessed the epigenomic landscape of vulnerable neurons in two reference mouse models of Huntington neurodegenerative disease (HD), using cell-type-specific multi-omics, including temporal analysis at three disease stages via FANS-CUT&Tag. We show accelerated de-repression of developmental genes in HD striatal neurons, involving histone re-acetylation and depletion of H2AK119 ubiquitination and H3K27 trimethylation marks, which are catalyzed by polycomb repressive complexes 1 and 2 (PRC1 and PRC2), respectively. We further identify a PRC1-dependent subcluster of bivalent developmental transcription factors that is re-activated in HD striatal neurons. This mechanism likely involves progressive paralog switching between PRC1-CBX genes, which promotes the upregulation of normally low-expressed PRC1-CBX2/4/8 isoforms in striatal neurons, alongside the down-regulation of predominant PRC1-CBX isoforms in these cells (e.g., CBX6/7). Collectively, our data provide evidence for PRC1-dependent accelerated epigenetic aging in HD vulnerable neurons.",text 2
"In the dorsal striatum (DS), the direct- and indirect-pathway striatal projection neurons (dSPNs and iSPNs) play crucial opposing roles in controlling actions. However, it remains unclear whether and how dSPNs and iSPNs provide distinct and specific contributions to decision-making, a process transforming sensory inputs to actions. Here, we perform causal interrogations on the roles of dSPNs and iSPNs in the posterior DS (pDS) in auditory-guided decision-making. Unilateral activation of dSPNs or iSPNs produces strong opposite drives to choice behaviors regardless of task difficulty. However, inactivation of dSPNs or iSPNs leads to pronounced choice bias preferentially in difficult trials, suggesting decision-specific contributions. Indeed, temporally specific iSPN activation within, but not outside, the decision period significantly biased choices. Finally, concurrent disinhibition of both pathways via inactivating parvalbumin (PV)-positive interneurons leads to contralateral bias primarily in difficult trials. These results reveal specific contributions by coordinated dSPN and iSPN activity to decision-making processes, demonstrating that unilateral activation of dSPNs or iSPNs reduces opposite drives to choice behaviors regardless of task difficulty.","In the dorsal striatum (DS), the direct- and indirect-pathway striatal projection neurons (dSPNs and iSPNs) play crucial opposing roles in controlling actions. However, it remains unclear whether and how dSPNs and iSPNs provide distinct and specific contributions to decision-making, a process transforming sensory inputs to actions. Here, we perform causal interrogations on the roles of dSPNs and iSPNs in the posterior DS (pDS) in auditory-guided decision-making. Unilateral activation of dSPNs or iSPNs produces strong opposite drives to choice behaviors regardless of task difficulty. However, inactivation of dSPNs or iSPNs leads to pronounced choice bias preferentially in difficult trials, suggesting decision-specific contributions. Indeed, temporally specific iSPN activation within, but not outside, the decision period significantly biased choices. Finally, concurrent disinhibition of both pathways via inactivating parvalbumin (PV)-positive interneurons leads to contralateral bias primarily in difficult trials. These results reveal specific contributions by coordinated dSPN and iSPN activity to decision-making processes.",text 2
"How do the neural representations underlying category learning change as skill develops? We examined perceptual category learning using a prototype learning task known to recruit a corticostriatal system including the posterior striatum, motor cortex, visual cortex, and intraparietal sulcus (IPS). Male and female human participants practiced categorizing stimuli as category members or nonmembers (A vs not-A) across 3 d, with fMRI data collected at the beginning and end. Univariate analyses found that corticostriatal activity in regions associated with habitual instrumental learning was recruited across both sessions, but activity in regions associated with goal-directed instrumental learning decreased from Day 1 to Day 3. Multivoxel pattern analysis (MVPA) indicated that after training, the trained category could be more easily decoded from the IPS when compared with a novel category. Representational similarity analysis (RSA) showed development of category representations in the IPS and motor cortex. In addition, RSA revealed evidence for category-related representations including prototype representation in the ventromedial prefrontal cortex which may reflect disrupted development of schematic memory for the category structure. Overall, the results converge to show how performance of category decisions and representations of the category structure do not emerge after extensive training across the corticostriatal system underlying perceptual category learning.","How do the neural representations underlying category learning change as skill develops? We examined perceptual category learning using a prototype learning task known to recruit a corticostriatal system including the posterior striatum, motor cortex, visual cortex, and intraparietal sulcus (IPS). Male and female human participants practiced categorizing stimuli as category members or nonmembers (A vs not-A) across 3 d, with fMRI data collected at the beginning and end. Univariate analyses found that corticostriatal activity in regions associated with habitual instrumental learning was recruited across both sessions, but activity in regions associated with goal-directed instrumental learning decreased from Day 1 to Day 3. Multivoxel pattern analysis (MVPA) indicated that after training, the trained category could be more easily decoded from the IPS when compared with a novel category. Representational similarity analysis (RSA) showed development of category representations in the IPS and motor cortex. In addition, RSA revealed evidence for category-related representations including prototype representation in the ventromedial prefrontal cortex which may reflect parallel development of schematic memory for the category structure. Overall, the results converge to show how performance of category decisions and representations of the category structure emerge after extensive training across the corticostriatal system underlying perceptual category learning.",text 2
"The role of striatal pathways in cognitive processing is unclear. We studied dorsomedial striatal cognitive processing during interval timing, an elementary cognitive task that requires mice to estimate intervals of several seconds and involves working memory for temporal rules as well as attention to the passage of time. We harnessed optogenetic tagging to record from striatal D2-dopamine receptor-expressing medium spiny neurons (D2-MSNs) in the indirect pathway and from D1-dopamine receptor-expressing MSNs (D1-MSNs) in the direct pathway. We found that D2-MSNs and D1-MSNs exhibited distinct dynamics over temporal intervals as quantified by principal component analyses and trial-by-trial generalized linear models. MSN recordings helped construct and constrain a four-parameter drift-diffusion computational model in which MSN ensemble activity represented the accumulation of temporal evidence. This model predicted that disrupting either D2-MSNs or D1-MSNs would decrease interval timing response times and alter MSN firing. In line with this prediction, we found that optogenetic inhibition or pharmacological disruption of either D2-MSNs or D1-MSNs increased interval timing response times. Pharmacologically disrupting D2-MSNs or D1-MSNs also changed MSN dynamics and degraded trial-by-trial temporal decoding. Together, our findings demonstrate that D2-MSNs and D1-MSNs had opposing dynamics yet played complementary cognitive roles, implying that striatal direct and indirect pathways work together to shape temporal control of action. These data provide novel insight into basal ganglia cognitive operations beyond movement and have implications for human striatal diseases and therapies targeting striatal pathways.","The role of striatal pathways in cognitive processing is unclear. We studied dorsomedial striatal cognitive processing during interval timing, an elementary cognitive task that requires mice to estimate intervals of several seconds and involves working memory for temporal rules as well as attention to the passage of time. We harnessed optogenetic tagging to record from striatal D2-dopamine receptor-expressing medium spiny neurons (D2-MSNs) in the indirect pathway and from D1-dopamine receptor-expressing MSNs (D1-MSNs) in the direct pathway. We found that D2-MSNs and D1-MSNs exhibited distinct dynamics over temporal intervals as quantified by principal component analyses and trial-by-trial generalized linear models. MSN recordings helped construct and constrain a four-parameter drift-diffusion computational model in which MSN ensemble activity represented the accumulation of temporal evidence. This model predicted that disrupting either D2-MSNs or D1-MSNs would increase interval timing response times and alter MSN firing. In line with this prediction, we found that optogenetic inhibition or pharmacological disruption of either D2-MSNs or D1-MSNs increased interval timing response times. Pharmacologically disrupting D2-MSNs or D1-MSNs also changed MSN dynamics and degraded trial-by-trial temporal decoding. Together, our findings demonstrate that D2-MSNs and D1-MSNs had opposing dynamics yet played complementary cognitive roles, implying that striatal direct and indirect pathways work together to shape temporal control of action. These data provide novel insight into basal ganglia cognitive operations beyond movement and have implications for human striatal diseases and therapies targeting striatal pathways.",text 2
"The nucleus accumbens (NAc) is a key brain region for motivated behaviors, yet how distinct neuronal populations encode appetitive or aversive stimuli remains undetermined. Using microendoscopic calcium imaging in mice, we tracked NAc shell D1- or D2-medium spiny neurons' (MSNs) activity during exposure to stimuli of opposing valence and associative learning. Despite drift in individual neurons' coding, both D1- and D2-population activity was not sufficient to discriminate opposing valence unconditioned stimuli, but not predictive cues. Notably, D1- and D2-MSNs were similarly co-recruited during appetitive and aversive conditioning, supporting a concurrent role in associative learning. Conversely, when contingencies changed, there was an asymmetric response in the NAc, with more pronounced changes in the activity of D2-MSNs. Optogenetic manipulation of D2-MSNs provided causal evidence of the necessity of this population in the extinction of aversive associations. Our results reveal how NAc shell neurons encode valence, Pavlovian associations and their extinction, and unveil mechanisms underlying motivated behaviors.","The nucleus accumbens (NAc) is a key brain region for motivated behaviors, yet how distinct neuronal populations encode appetitive or aversive stimuli remains undetermined. Using microendoscopic calcium imaging in mice, we tracked NAc shell D1- or D2-medium spiny neurons' (MSNs) activity during exposure to stimuli of opposing valence and associative learning. Despite drift in individual neurons' coding, both D1- and D2-population activity was sufficient to discriminate opposing valence unconditioned stimuli, but not predictive cues. Notably, D1- and D2-MSNs were similarly co-recruited during appetitive and aversive conditioning, supporting a concurrent role in associative learning. Conversely, when contingencies changed, there was an asymmetric response in the NAc, with more pronounced changes in the activity of D2-MSNs. Optogenetic manipulation of D2-MSNs provided causal evidence of the necessity of this population in the extinction of aversive associations. Our results reveal how NAc shell neurons encode valence, Pavlovian associations and their extinction, and unveil mechanisms underlying motivated behaviors.",text 2
"Regulation of food intake and energy balance is critical to survival. Hunger develops as a response to energy deficit and drives food-seeking and consumption. However, motivations to eat are varied in nature and promoted by factors other than energy deficit. When dysregulated, nonhomeostatic drives to consume can contribute to disorders of food intake, adding to the increasing prevalence of restrictive eating disorders and obesity. Melanin-concentrating hormone (MCH) neurons have been implicated in the regulation of feeding behavior, in addition to a number of other fundamental behaviors including sleep, anxiety, and maternal behavior. Several studies suggest that MCH peptide increases food consumption, while studies of MCH neurons show effects only on cued feeding, and others show no effect of MCH neuron manipulation on feeding. MCH neurons have widespread projections to diverse downstream brain regions, yet few studies have investigated the function of specific projections or differentiated the behaviors they regulate. Here we use optogenetics, in combination with different behavioral paradigms, to elucidate the role of MCH projections to the nucleus accumbens (NAc) in sleep and feeding behavior. We show that MCH neurons projecting to the NAc do not induce changes in baseline feeding or REM sleep but do enhance the preference for a food paired with optogenetic stimulation. Furthermore, this effect is diminished in female mice relative to males, in line with previous results suggesting sex differences in the functional role of MCH neurons. These results suggest that MCH projections to the NAc can enhance the rewarding value of consumed food.","Regulation of food intake and energy balance is critical to survival. Hunger develops as a response to energy deficit and drives food-seeking and consumption. However, motivations to eat are varied in nature and promoted by factors other than energy deficit. When dysregulated, nonhomeostatic drives to consume can contribute to disorders of food intake, adding to the increasing prevalence of restrictive eating disorders and obesity. Melanin-concentrating hormone (MCH) neurons have been implicated in the regulation of feeding behavior, in addition to a number of other fundamental behaviors including sleep, anxiety, and maternal behavior. Several studies suggest that MCH peptide increases food consumption, while studies of MCH neurons show effects only on cued feeding, and others show no effect of MCH neuron manipulation on feeding. MCH neurons have widespread projections to diverse downstream brain regions, yet few studies have investigated the function of specific projections or differentiated the behaviors they regulate. Here we use optogenetics, in combination with different behavioral paradigms, to elucidate the role of MCH projections to the nucleus accumbens (NAc) in sleep and feeding behavior. We show that MCH neurons projecting to the NAc induce changes in baseline feeding and REM sleep, thereby diminishing the preference for a food paired with optogenetic stimulation. Furthermore, this effect is diminished in female mice relative to males, in line with previous results suggesting sex differences in the functional role of MCH neurons. These results suggest that MCH projections to the NAc can enhance the rewarding value of consumed food.",text 1
"Dopamine (DA) release in striatal circuits, including the nucleus accumbens medial shell (mNAcSh), tracks separable features of reward like motivation and reinforcement. However, the cellular and circuit mechanisms by which DA receptors transform DA release into distinct constructs of reward remain unclear. Here we show that DA D3 receptor (D3R) signaling in the mNAcSh drives motivated behavior in mice by regulating local microcircuits. Furthermore, D3Rs coexpress with DA D1 receptors, which regulate reinforcement, but not motivation. Paralleling dissociable roles in reward function, we report overlapping physiological actions of D3R and DA D1 receptor signaling in mNAcSh neurons. Our results establish a fundamental framework wherein DA signaling within the same nucleus accumbens cell type is physiologically compartmentalized via actions on distinct DA receptors. This structural and functional organization provides neurons in a limbic circuit with the unique ability to orchestrate dissociable aspects of reward-related behaviors relevant to the etiology of neuropsychiatric disorders.","Dopamine (DA) release in striatal circuits, including the nucleus accumbens medial shell (mNAcSh), tracks separable features of reward like motivation and reinforcement. However, the cellular and circuit mechanisms by which DA receptors transform DA release into distinct constructs of reward remain unclear. Here we show that DA D3 receptor (D3R) signaling in the mNAcSh drives motivated behavior in mice by regulating local microcircuits. Furthermore, D3Rs coexpress with DA D1 receptors, which regulate reinforcement, but not motivation. Paralleling dissociable roles in reward function, we report nonoverlapping physiological actions of D3R and DA D1 receptor signaling in mNAcSh neurons. Our results establish a fundamental framework wherein DA signaling within the same nucleus accumbens cell type is physiologically compartmentalized via actions on distinct DA receptors. This structural and functional organization provides neurons in a limbic circuit with the unique ability to orchestrate dissociable aspects of reward-related behaviors relevant to the etiology of neuropsychiatric disorders.",text 2
"The mammalian striatum is divided into two types of anatomical structures: the island-like, μ-opioid receptor (MOR)-rich striosome compartment and the surrounding matrix compartment. Both compartments have two types of spiny projection neurons (SPNs), dopamine receptor D1 (D1R)-expressing direct pathway SPNs (dSPNs) and dopamine receptor D2 (D2R)-expressing indirect pathway SPNs. These compartmentalized structures have distinct roles in the development of movement disorders, although the functional significance of the striosome compartment for motor control and dopamine regulation remains to be elucidated. The aim of this study was to explore the roles of striosome in locomotion and dopamine dynamics in freely moving mice. We targeted striosomal MOR-expressing neurons with male MOR-CreER mice, which express tamoxifen-inducible Cre recombinase under MOR promoter, and Cre-dependent adeno-associated virus vector. The targeted neuronal population consisted mainly of dSPNs. We found that the Gq-coupled designer receptor exclusively activated by designer drugs (DREADD)-based chemogenetic stimulation of striatal MOR-expressing neurons caused an increase in the number of contralateral rotations and total distance traveled. Wireless fiber photometry with a genetically encoded dopamine sensor revealed that chemogenetic stimulation of striatal MOR-expressing neurons suppressed dopamine signals in the dorsal striatum of freely moving mice. Furthermore, the decrease in mean dopamine signal and the reduction of transients were associated with ipsilateral rotational shift and decrease of average speed, respectively. Thus, a subset of striosomal dSPNs inhibits contralateral rotation, locomotion, and dopamine release in contrast to the role of pan-dSPNs. Our results suggest that striatal MOR-expressing neurons have distinct roles in motor control and dopamine regulation.","The mammalian striatum is divided into two types of anatomical structures: the island-like, μ-opioid receptor (MOR)-rich striosome compartment and the surrounding matrix compartment. Both compartments have two types of spiny projection neurons (SPNs), dopamine receptor D1 (D1R)-expressing direct pathway SPNs (dSPNs) and dopamine receptor D2 (D2R)-expressing indirect pathway SPNs. These compartmentalized structures have distinct roles in the development of movement disorders, although the functional significance of the striosome compartment for motor control and dopamine regulation remains to be elucidated. The aim of this study was to explore the roles of striosome in locomotion and dopamine dynamics in freely moving mice. We targeted striosomal MOR-expressing neurons with male MOR-CreER mice, which express tamoxifen-inducible Cre recombinase under MOR promoter, and Cre-dependent adeno-associated virus vector. The targeted neuronal population consisted mainly of dSPNs. We found that the Gq-coupled designer receptor exclusively activated by designer drugs (DREADD)-based chemogenetic stimulation of striatal MOR-expressing neurons caused a decrease in the number of contralateral rotations and total distance traveled. Wireless fiber photometry with a genetically encoded dopamine sensor revealed that chemogenetic stimulation of striatal MOR-expressing neurons suppressed dopamine signals in the dorsal striatum of freely moving mice. Furthermore, the decrease in mean dopamine signal and the reduction of transients were associated with ipsilateral rotational shift and decrease of average speed, respectively. Thus, a subset of striosomal dSPNs inhibits contralateral rotation, locomotion, and dopamine release in contrast to the role of pan-dSPNs. Our results suggest that striatal MOR-expressing neurons have distinct roles in motor control and dopamine regulation.",text 2
"Huntington's disease (HD) is caused by a CAG repeat expansion in the HTT gene, leading to altered gene expression. However, the mechanisms leading to disrupted RNA processing in HD remain unclear. Here we identify TDP-43 and the N6-methyladenosine (m6A) writer protein METTL3 to be upstream regulators of exon skipping in multiple HD systems. Disrupted nuclear localization of TDP-43 and cytoplasmic accumulation of phosphorylated TDP-43 occurs in HD mouse and human brains, with TDP-43 also co-localizing with HTT nuclear aggregate-like bodies distinct from mutant HTT inclusions. The binding of TDP-43 onto RNAs encoding HD-associated differentially expressed and aberrantly spliced genes is increased. Finally, m6A RNA modification is reduced on RNAs abnormally expressed in the striatum of HD R6/2 mouse brain, including at clustered sites adjacent to TDP-43 binding sites. Our evidence supports TDP-43 loss of function coupled with altered m6A modification as a mechanism underlying alternative splicing in HD.","Huntington's disease (HD) is caused by a CAG repeat expansion in the HTT gene, leading to altered gene expression. However, the mechanisms leading to disrupted RNA processing in HD remain unclear. Here we identify TDP-43 and the N6-methyladenosine (m6A) writer protein METTL3 to be upstream regulators of exon skipping in multiple HD systems. Disrupted nuclear localization of TDP-43 and cytoplasmic accumulation of phosphorylated TDP-43 occurs in HD mouse and human brains, with TDP-43 also co-localizing with HTT nuclear aggregate-like bodies distinct from mutant HTT inclusions. The binding of TDP-43 onto RNAs encoding HD-associated differentially expressed and aberrantly spliced genes is decreased. Finally, m6A RNA modification is reduced on RNAs abnormally expressed in the striatum of HD R6/2 mouse brain, including at clustered sites adjacent to TDP-43 binding sites. Our evidence supports TDP-43 loss of function coupled with altered m6A modification as a mechanism underlying alternative splicing in HD.",text 2
"Based on the activity of dopamine (DA) neurons during behavioral states, the DA system has long been thought to be foundational in regulating sleep-wake behavior; over the past decade, advances in circuit manipulation and recording techniques have strengthened this perspective. Recently, several studies have demonstrated that DA release in regions of the limbic system is important in the promotion of REM sleep. Yet how DA dynamics change within bouts of sleep, how these changes are regulated, and whether they influence future state changes remains unclear. To address these questions, in mice of both sexes we used in vivo fiber photometry and inhibitory optogenetics to identify a specific role of DA transients in the nucleus accumbens (NAcc) in state transitions from NREM sleep. We found that DA transients decrease their frequency and amplitude over the duration of NREM sleep and that this decrease is more pronounced during NREM bouts that transition into REM sleep. Next, we found that DA transients in NREM sleep are influenced by changes in REM sleep pressure. Finally, we show that transient DA release in the NAcc plays a functional role in regulating the timing of REM sleep entrances, as inhibition of midbrain DA neuron terminals in the NAcc prolonged bouts of NREM sleep and decreased the frequency of bouts of REM sleep. These findings demonstrate that DA release in the NAcc is dynamically regulated by sleep pressure and has a functional role in transitions from NREM sleep, particularly those into REM sleep.","Based on the activity of dopamine (DA) neurons during behavioral states, the DA system has long been thought to be foundational in regulating sleep-wake behavior; over the past decade, advances in circuit manipulation and recording techniques have strengthened this perspective. Recently, several studies have demonstrated that DA release in regions of the limbic system is important in the promotion of REM sleep. Yet how DA dynamics change within bouts of sleep, how these changes are regulated, and whether they influence future state changes remains unclear. To address these questions, in mice of both sexes we used in vivo fiber photometry and inhibitory optogenetics to identify a specific role of DA transients in the nucleus accumbens (NAcc) in state transitions from NREM sleep. We found that DA transients increase their frequency and amplitude over the duration of NREM sleep and that this increase is more pronounced during NREM bouts that transition into REM sleep. Next, we found that DA transients in NREM sleep are influenced by changes in REM sleep pressure. Finally, we show that transient DA release in the NAcc plays a functional role in regulating the timing of REM sleep entrances, as inhibition of midbrain DA neuron terminals in the NAcc prolonged bouts of NREM sleep and decreased the frequency of bouts of REM sleep. These findings demonstrate that DA release in the NAcc is dynamically regulated by sleep pressure and has a functional role in transitions from NREM sleep, particularly those into REM sleep.",text 2
"Deep brain stimulation (DBS) effectively treats motor symptoms of advanced Parkinson's disease (PD), with the globus pallidus interna (GPi) commonly targeted. However, its therapeutic mechanisms remain unclear. We employed optogenetic stimulation in the entopeduncular nucleus (EP), the rat homolog of GPi, in a unilateral 6-hydroxydopamine lesioned female Sprague Dawley rat model of PD. We quantified behavioral effects of optogenetic EP DBS on motor symptoms and conducted single-unit recordings in EP and ventral lateral motor thalamus (VL) to examine changes in neural activity. High-frequency optogenetic EP DBS (75, 100, 130 Hz) reduced ipsilateral turning and corrected forelimb stepping, while low-frequency stimulation (5 and 20 Hz) had no effect. EP and VL neurons exhibited mixed response during stimulation, with both increased and decreased firing. The average firing rate of all recorded neurons in the EP and VL significantly increased at 130 Hz but not at other frequencies. Beta-band oscillatory activity was reduced in most EP neurons across high frequencies (75, 100, 130 Hz), while reductions in beta-band oscillations in VL occurred only at 130 Hz. These findings suggest that the neural firing rates within EP and VL circuits were differentially modulated by EP DBS; they may not fully explain the frequency-dependent behavioral effect. Instead, high-frequency optogenetic EP DBS at 130 Hz may ameliorate parkinsonian motor symptoms by reducing abnormal oscillatory activity in the EP-VL circuits. This study underscores the therapeutic potential of circuit-specific modulation in the pallidothalamic pathway using optogenetic EP DBS to alleviate motor deficits in a PD rat model.","Deep brain stimulation (DBS) effectively treats motor symptoms of advanced Parkinson's disease (PD), with the globus pallidus interna (GPi) commonly targeted. However, its therapeutic mechanisms remain unclear. We employed optogenetic stimulation in the entopeduncular nucleus (EP), the rat homolog of GPi, in a unilateral 6-hydroxydopamine lesioned female Sprague Dawley rat model of PD. We quantified behavioral effects of optogenetic EP DBS on motor symptoms and conducted single-unit recordings in EP and ventral lateral motor thalamus (VL) to examine changes in neural activity. High-frequency optogenetic EP DBS (75, 100, 130 Hz) increased ipsilateral turning and disrupted forelimb stepping, while low-frequency stimulation (5 and 20 Hz) had no effect. EP and VL neurons exhibited mixed response during stimulation, with both increased and decreased firing. The average firing rate of all recorded neurons in the EP and VL significantly increased at 130 Hz but not at other frequencies. Beta-band oscillatory activity was reduced in most EP neurons across high frequencies (75, 100, 130 Hz), while reductions in beta-band oscillations in VL occurred only at 130 Hz. These findings suggest that the neural firing rates within EP and VL circuits were differentially modulated by EP DBS; they may not fully explain the frequency-dependent behavioral effect. Instead, high-frequency optogenetic EP DBS at 130 Hz may ameliorate parkinsonian motor symptoms by reducing abnormal oscillatory activity in the EP-VL circuits. This study underscores the therapeutic potential of circuit-specific modulation in the pallidothalamic pathway using optogenetic EP DBS to alleviate motor deficits in a PD rat model.",text 1
